SMILES,Name,Pubchem_ID,CAS-RN,Tb,Tb_source,GHS_signal
CC1(C)COC(=O)C1O,(D)-PANTOLACTONE,989,"['79-50-5', '52126-90-6']",489.59,JOBACK,Warning
CC(=O)OCC(COC(C)=O)OC(C)=O,"1,2,3-PROPANETRIOL, TRIACETATE",5541,"['102-76-1', '02-00-0', '102-76-1']",532.15,CRC_ORG,
COC(=O)c1ccccc1C(=O)OC,"1,2-BENZENEDICARBOXYLIC ACID, DIMETHYL ESTER",8554,"['131-11-3', '131-11-3']",555.85,CRC_ORG,
CC(=O)OCCOC(C)=O,"1,2-ETHANEDIOL, DIACETATE",8121,"['111-55-7', '27252-83-1', '111-55-7', '02-00-0']",457.15,CRC_ORG,Warning
OCCO,"1,2-ETHANEDIOL",174,"['107-21-1', '37225-26-6', '107-21-1']",470.65,CRC_ORG,Warning
OCC(O)COCC(O)CO,"1,2-PROPANEDIOL, 3,3'-OXYDI",42953,"['627-82-7', '59113-36-9', '51493-70-0']",727.14,JOBACK,Warning
OCC(O)CCl,"1,2-PROPANEDIOL, 3-CHLORO",7290,"['96-24-2', '96-24-2', '01-00-0']",494.15,CRC_ORG,Danger
CC(O)CO,"1,2-PROPANEDIOL",1030,"['57-55-6', '123120-98-9', '57-55-6', '63625-56-9', '01-00-0', '25322-69-4']",460.45,CRC_ORG,
Cc1nnc(C)o1,"1,3,4-OXADIAZOLE, 2,5-DIMETHYL",4736391,['13148-65-7'],453.7,JOBACK,Danger
CCCCCCOC(=O)c1cccc(C(=O)OCCCCCC)c1,"1,3-BENZENEDICARBOXYLIC ACID, DIHEXYL ESTER",525126,['4623-71-6'],805.3,JOBACK,
C=CC=C,"1,3-BUTADIENE",7845,"['106-99-0', '9003-17-2', '130983-70-9', '1983-06-8', '25339-57-5', '26952-74-9', '68514-37-4']",268.55,CRC_ORG,Danger
O=C1OCC(CCl)O1,"1,3-DIOXOLAN-2-ONE, 4-CHLOROMETHYL",253297,['2463-45-8'],308.14,JOBACK,Warning
CC1COC(=O)O1,"1,3-DIOXOLAN-2-ONE, 4-METHYL",7924,"['108-32-7', '19-04-0', '108-32-7', '110320-40-6']",514.75,CRC_ORG,Warning
O=C1OCCO1,"1,3-DIOXOLAN-2-ONE",7303,"['96-49-1', '96-49-1']",519.15,CRC_ORG,Danger
CCC(CO)(CO)CO,"1,3-PROPANEDIOL, 2-ETHYL, 2-HYDROXYMETHYL",6510,"['77-99-6', '101377-62-2', '01-00-0', '77-99-6']",562.04,YAWS,
CC(=O)OCCCOC(C)=O,"1,3-PROPANEDIOL, DIACETATE",69409,['628-66-0'],482.65,CRC_ORG,
OCCCO,"1,3-PROPANEDIOL",10442,"['504-63-2', '345260-48-2', '504-63-2', '31714-45-1']",487.85,CRC_ORG,
CCCCOC(=O)c1c(Cl)c(Cl)c(OC(=O)CCCOC(=O)c2c(Cl)c(Cl)c(C(=O)OCCCC)c(Cl)c2Cl)c(Cl)c1Cl,"1,4-BENZENEDICARBOXYLIC ACID, 2,3,5,6-TETRACHLORO, 1,3-PROPANEDIYL DIBUTYL ESTER",,[''],1452.84,JOBACK,
CCCOC(=O)c1c(Cl)c(Cl)c(OC(=O)CCCOC(=O)c2c(Cl)c(Cl)c(C(=O)OCCC)c(Cl)c2Cl)c(Cl)c1Cl,"1,4-BENZENEDICARBOXYLIC ACID, 2,3,5,6-TETRACHLORO, 1,3-PROPANEDIYL DIPROPYL ESTER",,[''],1407.08,JOBACK,
CCCCCCOC(=O)c1ccc(C(=O)OCCCCCC)cc1,"1,4-BENZENEDICARBOXYLIC ACID, DIHEXYL ESTER",519527,['1818-96-8'],805.3,JOBACK,
CCCCOC(=O)c1c(Cl)c(Cl)c(C(=O)OCCCC)c(Cl)c1Cl,"1,4-BENZENEDICARBOXYLIC ACID, TETRACHLORO, DIBUTYL ESTER",263057,['38233-11-3'],883.42,JOBACK,
CCCCCOC(=O)c1c(Cl)c(Cl)c(C(=O)OCCCCC)c(Cl)c1Cl,"1,4-BENZENEDICARBOXYLIC ACID, TETRACHLORO, DIPENTYL ESTER",263060,['38233-12-4'],929.18,JOBACK,
CCCOC(=O)c1c(Cl)c(Cl)c(Cl)c(Cl)c1C(=O)OCCC,"1,4-BENZENEDICARBOXYLIC ACID, TETRACHLORO, DIPROPYL ESTER",81346,"['6928-67-2', '6928-67-2']",837.66,JOBACK,
COCC1(C)COc2ccc(C)cc2S1,"1,4-BENZOXATHIIN, 2,3-DIHYDRO-3-(METHOXYMETHYL)-3,6-DIMETHYL",,[''],619.25,JOBACK,
OCCCCO,"1,4-BUTANEDIOL",8064,"['110-63-4', '01-00-0', '110-63-4', '732189-03-6']",502.65,CRC_ORG,Warning
O=C1COCCO1,"1,4-DIOXAN-2-ONE",18233,"['3041-16-5', '29223-92-5', '19-04-0']",486.15,COMMON_CHEMISTRY,Danger
C1COCCO1,"1,4-DIOXANE",31275,"['123-91-1', '28552-22-9', '19-01-0', '123-91-1', '001-01-0', '39449-24-6', '54841-74-6']",374.35,CRC_ORG,Danger
O=S1CCOCC1,"1,4-OXATHIANE, 4-OXIDE",231462,['109-03-5'],327.52,JOBACK,
OCCCCCO,"1,5-PENTANEDIOL",8105,"['111-29-5', '01-00-0', '111-29-5', '31784-47-1']",514.15,CRC_ORG,Warning
C=CCCCC=C,"1,6-HEPTADIENE",16968,['3070-53-9'],362.15,CRC_ORG,Danger
OCCCCCCO,"1,6-HEXANEDIOL",12374,"['629-11-8', '27236-13-1', '629-11-8']",481.15,CRC_ORG,
SCCCCCCS,"1,6-HEXANEDITHIOL",14491,"['1191-43-1', '01-00-0']",510.15,CRC_ORG,Warning
OCCCCCCCCCO,"1,9-NONANEDIOL",19835,['3937-56-2'],589.88,JOBACK,Warning
COC(=O)N1CC1,"1-AZIRIDINECARBOXYLIC ACID, METHYL ESTER",12638,['671-50-1'],368.92,JOBACK,
CCC(C)CO,"1-BUTANOL, 2-METHYL",8723,"['137-32-6', '34713-94-5', '137-32-6', '01-00-0']",402,WEBBOOK,Danger
CC(C)CCO,"1-BUTANOL, 3-METHYL",31260,"['123-51-3', '6423-06-9', '8013-75-0', '123-51-3']",403.95,CRC_ORG,Warning
CCCCO,1-BUTANOL,263,"['71-36-3', '35296-72-1', '1219794-84-9', '64118-16-7', '6167-45-9', '71-36-3']",390.75,CRC_ORG,Danger
CCCC(=O)c1ccccc1,"1-BUTANONE, 1-PHENYL",10315,"['495-40-9', '495-40-9']",501.65,CRC_ORG,Danger
C=CCC,1-BUTENE,7844,"['106-98-9', '9003-28-5', '25167-67-3', '61788-35-0', '6993-22-2']",266.85,CRC_ORG,Danger
N#CC1=CCCCC1,"1-CYCLOHEXENE-1-CARBOXYLIC ACID, NITRILE",74619,"['1855-63-6', '27456-25-3', '33292-55-6']",490.2,JOBACK,Warning
CCCCCCCCCCO,1-DECANOL,8174,"['112-30-1', '85566-12-7', '36729-58-5', '112-30-1', '66455-17-2', '01-00-0', '64641-46-9', '70084-71-8']",502.15,CRC_ORG,Warning
C=CCCCCCCCC,1-DECENE,13381,"['872-05-9', '68037-01-4', '25189-70-2', '37309-58-3', '872-05-9', '672-05-9']",444.15,CRC_ORG,Danger
CCCCCCCCCCCCCCCCCCCCCCO,1-DOCOSANOL,12620,"['661-19-8', '30303-65-2', '01-00-0', '661-19-8', '10-11-1', '13-14-1', '16-17-1', '19-20-2']",680.15,CRC_ORG,Danger
CCCCCCCCCCCCO,1-DODECANOL,8193,"['112-53-8', '27342-88-7', '01-00-0', '68551-07-5', '112-53-8']",537.25,CRC_ORG,Warning
C=CCCCCCCCCCCCCCCCCCC,1-EICOSENE,18936,"['3452-07-1', '27400-78-8', '52439-84-6', '27323-11-1']",614.15,CRC_ORG,Danger
OCC(F)(F)C(F)(F)C(F)(F)C(F)(F)C(F)(F)C(F)(F)F,"1-HEPTANOL, 2,2,3,3,4,4,5,5,6,6,7,7,7-TRIDECAFLUORO",550386,['375-82-6'],419.65,COMMON_CHEMISTRY,Warning
OCC(F)(F)C(F)(F)C(F)(F)C(F)(F)C(F)(F)C(F)F,"1-HEPTANOL, 2,2,3,3,4,4,5,5,6,6,7,7-DODECAFLUORO",67639,['335-99-9'],442.65,COMMON_CHEMISTRY,Warning
CCCCCCCO,1-HEPTANOL,8129,"['111-70-6', '53535-33-4', '1219804-99-5', '111-70-6', '38007-42-0', '01-00-0']",451.15,CRC_ORG,Warning
C=CCCCCC,1-HEPTENE,11610,"['592-76-7', '68526-53-4', '25339-56-4', '592-76-7', '25339-56-4', '592-76-7']",367.15,CRC_ORG,Danger
C#CCCCCC,1-HEPTYNE,12350,['628-71-7'],372.95,CRC_ORG,Danger
CCCCCCCCCCCCCCCCO,1-HEXADECANOL,2682,"['36653-82-4', '67762-30-5', '01-00-0', '124-29-8', '36653-82-4', '10-11-1', '13-14-1']",598.15,CRC_ORG,Warning
C=CCCCCCCCCCCCCCC,1-HEXADECENE,12395,"['629-73-2', '68855-59-4', '26952-14-7', '629-73-2']",558.15,CRC_ORG,Danger
CCCCCCO,1-HEXANOL,8103,"['111-27-3', '25917-35-5', '286013-16-9', '111-27-3', '01-00-0']",430.05,CRC_ORG,Warning
C=CCCCC,1-HEXENE,11597,"['592-41-6', '68783-15-3', '68526-99-8', '26746-82-7', '592-41-6', '16183-00-9', '542-41-6']",336.55,CRC_ORG,Danger
C#CCCCC,1-HEXYNE,12732,"['693-02-7', '26856-30-4', '28827-85-2']",344.35,CRC_ORG,Danger
O=Cc1cccc2ccccc12,1-NAPHTHALDEHYDE,6195,"['66-77-3', '30678-61-6']",565.15,CRC_ORG,Danger
CCCCCCCCCO,1-NONANOL,8914,"['143-08-8', '28473-21-4', '01-00-0', '143-08-8']",486.85,CRC_ORG,Warning
C=CCCCCCCC,1-NONENE,31285,"['124-11-8', '68855-57-2', '31387-92-5']",420.05,CRC_ORG,Danger
CCCCCCCCCCCCCCCCCCO,1-OCTADECANOL,8221,"['112-92-5', '68911-61-5', '01-00-0', '112-92-5', '86369-69-9', '10-11-1', '13-14-1', '16-17-1']",624.15,CRC_ORG,Warning
C=CCCCCCCCCCCCCCCCC,1-OCTADECENE,8217,"['112-88-9', '27070-58-2', '68855-60-7', '112-88-9']",588.65,CRC_ORG,Danger
CCCCCCCCO,1-OCTANOL,957,"['111-87-5', '68603-15-6', '78510-02-8', '111-87-5', '220713-26-8', '67700-96-3']",467.85,CRC_ORG,Warning
C=CCCCCCC,1-OCTENE,8125,"['111-66-0', '68527-00-4', '26746-84-9', '111-66-0']",394.45,CRC_ORG,Danger
C#CCCCCCC,1-OCTYNE,12370,"['629-05-0', '32073-03-3', '01-00-0']",399.35,CRC_ORG,Danger
OCC(F)(F)C(F)(F)C(F)(F)C(F)(F)F,"1-PENTANOL, 2,2,3,3,4,4,5,5,5-NONAFLUORO",2782394,['355-28-2'],386.69,JOBACK,Warning
OCC(F)(F)C(F)(F)C(F)(F)C(F)F,"1-PENTANOL, 2,2,3,3,4,4,5,5-OCTAFLUORO",9641,"['355-80-6', '01-00-0']",413.15,CRC_ORG,Warning
CCCCCO,1-PENTANOL,6276,"['71-41-0', '30899-19-5', '148587-12-6', '01-00-0', '71-41-0']",410.75,CRC_ORG,Warning
C=C(C)CCC,"1-PENTENE, 2-METHYL",12986,"['763-29-1', '27236-46-0', '01-00-0']",335.25,CRC_ORG,Danger
C=CCCC,1-PENTENE,8004,"['109-67-1', '68814-91-5', '109-67-1', '25587-78-4']",303.15,CRC_ORG,Danger
O=S1(=O)CCCO1,"1-PROPANESULFONIC ACID, 3-HYDROXY, GAMMA-SULTONE",14264,"['1120-71-4', '1120-71-4', '19-01-0']",385.15,YAWS,Danger
OCC(F)(F)C(F)F,"1-PROPANOL, 2,2,3,3-TETRAFLUORO",6441,['76-37-9'],379.15,CRC_ORG,Danger
CC(C)CO,"1-PROPANOL, 2-METHYL",6560,"['78-83-1', '68989-27-5', '01-00-0', '78-83-1']",380.99,CRC_ORG,Danger
CCCO,1-PROPANOL,1031,"['71-23-8', '142583-61-7', '62309-51-7', '01-00-0', '71-23-8']",370.19,CRC_ORG,Danger
CCC(=O)c1ccccc1,"1-PROPANONE, 1-PHENYL",7148,"['93-55-0', '07-00-0', '93-55-0']",490.55,CRC_ORG,Warning
O=CN1CCCC1,1-PYRROLIDINECARBOXALDEHYDE,77372,['3760-54-1'],366.15,COMMON_CHEMISTRY,Warning
COC(=O)N1CCCC1,"1-PYRROLIDINECARBOXYLIC ACID, METHYL ESTER",232667,['56475-80-0'],423.22,JOBACK,Warning
CCCCCCCCCCCCCCO,1-TETRADECANOL,8209,"['112-72-1', '71750-71-5', '68855-56-1', '63393-82-8', '67762-41-8', '27196-00-5', '75782-87-5', '68002-95-9', '112-72-1', '01-00-0']",568.95,CRC_ORG,Warning
CCCCCCCCCC(=O)CCCCCCCCC,10-NONADECANONE,10441,['504-57-4'],607.15,CRC_ORG,Warning
CC(=O)C(C)=O,"2,3-BUTANEDIONE",650,"['431-03-8', '01-00-0', '431-03-8']",360.65,CRC_ORG,Danger
CCC(=O)CC(C)=O,"2,4-HEXANEDIONE",76355,['3002-24-2'],433.15,CRC_ORG,Danger
CC(=O)CC(C)=O,"2,4-PENTANEDIONE",31261,"['123-54-6', '01-00-0', '14024-62-5', '81235-32-7', '123-54-6']",413.85,CRC_ORG,Danger
CCOC(=O)c1ccc(C(=O)OCC)o1,"2,5-FURANDICARBOXYLIC ACID, DIETHYL ESTER",597465,['53662-83-2'],600.02,JOBACK,Warning
CC(=O)CCC(C)=O,"2,5-HEXANEDIONE",8035,"['110-13-4', '01-00-0', '110-13-4']",467.15,CRC_ORG,Warning
CC(=O)CCCC(C)=O,"2,6-HEPTANEDIONE",100532,['13505-34-5'],385.4,COMMON_CHEMISTRY,Warning
CC(=O)CCCCC(C)=O,"2,7-OCTANEDIONE",74196,['1626-09-1'],490.38,JOBACK,Warning
CCC(O)C[N+](=O)[O-],"2-BUTANOL, 1-NITRO",95538,['3156-74-9'],477.15,YAWS,
CCC(C)(C)O,"2-BUTANOL, 2-METHYL",6405,"['75-85-4', '25-85-4', '01-00-0', '75-85-4']",375.55,CRC_ORG,Danger
CC(O)C(C)(C)[N+](=O)[O-],"2-BUTANOL, 3-METHYL, 3-NITRO",226823,['20575-38-6'],554.35,JOBACK,
CC(O)C(C)[N+](=O)[O-],"2-BUTANOL, 3-NITRO",93025,"['6270-16-2', '01-00-0']",365.15,COMMON_CHEMISTRY,Warning
CCC(C)O,2-BUTANOL,6568,"['78-92-2', '15892-23-6', '01-00-0', '78-92-2', '14457-93-3']",372.55,CRC_ORG,Warning
CC(=O)CCc1ccccc1,"2-BUTANONE, 4-PHENYL",17355,"['2550-26-7', '2550-26-7', '07-00-0']",508.15,CRC_ORG,
CCC(C)=O,2-BUTANONE,6569,"['78-93-3', '78-93-3']",352.75,CRC_ORG,Danger
C/C=C\C,2-BUTENE(CIS),5287573,"['590-18-1', '107-01-7']",276.87,CRC_ORG,Danger
C/C=C/C,2-BUTENE(TRANS),62695,"['624-64-6', '107-01-7', '68956-54-7', '01-00-0']",274.03,CRC_ORG,Danger
OC/C=C/CO,"2-BUTENE, 1,4-DIOL",175854,"['821-11-4', '110-64-5', '110-64-5']",404.15,COMMON_CHEMISTRY,Warning
CC=C(C)C,"2-BUTENE, 2-METHYL",10553,"['513-35-9', '28265-98-7']",311.65,CRC_ORG,Danger
OCC#CCO,"2-BUTYNE, 1,4-DIOL",8066,"['110-65-6', '110-65-6', '01-00-0']",511.15,CRC_ORG,Danger
COC(=O)C#CC(=O)OC,"2-BUTYNEDIOIC ACID, DIMETHYL ESTER",12980,"['762-42-5', '02-00-0']",472.15,CRC_ORG,Danger
CC1=CC(=O)CC(C)(C)C1,"2-CYCLOHEXEN-1-ONE, 3,5,5-TRIMETHYL",6544,"['78-59-1', '78-59-1', '07-00-0']",487.95,CRC_ORG,Warning
CCCCCCCCCCC(C)=O,2-DODECANONE,22556,['6175-49-1'],520.15,CRC_ORG,
COC(=O)c1ccco1,"2-FURANCARBOXYLIC ACID, METHYL ESTER",11902,"['611-13-2', '18-06-0']",454.45,CRC_ORG,Danger
N#Cc1ccco1,"2-FURANCARBOXYLIC ACID, NITRILE",69245,['617-90-3'],420.15,CRC_ORG,Danger
COC(=O)C1CCCO1,"2-FURANCARBOXYLIC ACID, TETRAHYDRO, METHYL ESTER",169922,['37443-42-8'],453.15,COMMON_CHEMISTRY,Danger
CCCCCC(C)=O,2-HEPTANONE,8051,"['110-43-0', '01-00-0', '110-43-0']",424.15,CRC_ORG,Warning
CCCCC(O)C[N+](=O)[O-],"2-HEXANOL, 1-NITRO",11194417,[],580.46,JOBACK,
CN1CCN(C)C1=O,"2-IMIDAZOLIDINONE, 1,3-DIMETHYL",6661,"['80-73-9', '24-01-0']",494.15,COMMON_CHEMISTRY,Danger
CCCCCCCC(C)=O,2-NONANONE,13187,"['821-55-6', '821-55-6']",467.15,CRC_ORG,Warning
CCCCCCC(C)O,2-OCTANOL,20083,"['123-96-6', '4128-31-8', '25339-16-6', '4128-32-9', '123-96-6']",453,WEBBOOK,Warning
CCCCCCC(C)=O,2-OCTANONE,8093,"['111-13-7', '01-00-0']",446.15,CRC_ORG,Warning
CCN1CCOC1=O,"2-OXAZOLIDINONE, 3-ETHYL",350825,['5261-18-7'],391.8,JOBACK,
CN1CCOC1=O,"2-OXAZOLIDINONE, 3-METHYL",29831,"['19836-78-3', '27-00-0']",368.92,JOBACK,Danger
O=C1OCCN1CCO,"2-OXAZOLIDONE, N-HYDROXYETHYL",76887,"['3356-88-5', '27-00-0']",483.98,JOBACK,Warning
CCCC(O)C[N+](=O)[O-],"2-PENTANOL, 1-NITRO",226820,['2224-37-5'],557.58,JOBACK,
CCCC(C)O,2-PENTANOL,22386,"['6032-29-7', '26635-63-2', '51000-78-3', '01-00-0', '50858-14-5', '33968-72-8']",392.25,CRC_ORG,Warning
CC(=O)CC(C)C,"2-PENTANONE, 4-METHYL",7909,"['108-10-1', '01-00-0', '108-10-1']",388.85,CRC_ORG,Danger
CCCC(C)=O,2-PENTANONE,7895,"['107-87-9', '107-87-9', '01-00-0']",375.35,CRC_ORG,Danger
CN1CCCCC1=O,"2-PIPERIDONE, 1-METHYL",13603,"['931-20-4', '21-06-0']",494.15,CRC_ORG,Warning
OC(C(F)(F)F)C(F)(F)F,"2-PROPANOL, 1,1,1,3,3,3-HEXAFLUORO",13529,['920-66-1'],332.15,CRC_ORG,Danger
OC(CCl)CCl,"2-PROPANOL, 1,3-DICHLORO",7289,"['96-23-1', '26545-73-3', '96-23-1', '01-00-0']",444.15,CRC_ORG,Danger
CC(CO)[N+](=O)[O-],"2-PROPANOL, 1-NITRO",92187,['2902-96-7'],372.15,COMMON_CHEMISTRY,
CC(C)(C)O,"2-PROPANOL, 2-METHYL",6386,"['75-65-0', '25-65-0', '01-00-0']",355.45,CRC_ORG,Danger
CC(C)(O)c1ccccc1,"2-PROPANOL, 2-PHENYL",12053,"['617-94-7', '06-00-0', '617-94-7']",475.15,CRC_ORG,Warning
CC(C)O,2-PROPANOL,3776,"['67-63-0', '01-00-0', '67-63-0', '555-31-7', '8003-15-4', '1344575-38-7']",355.36,CRC_ORG,Danger
CC(=O)CBr,"2-PROPANONE, 1-BROMO",11715,['598-31-2'],411.15,CRC_ORG,Danger
CC(=O)CC1CCCCC1,"2-PROPANONE, 1-CYCLOHEXYL",66899,['103-78-6'],472.15,COMMON_CHEMISTRY,Warning
CC(=O)CO,"2-PROPANONE, 1-HYDROXY",8299,['116-09-6'],418.65,CRC_ORG,Warning
CC(=O)C[N+](=O)[O-],"2-PROPANONE, 1-NITRO",66296,['10230-68-9'],473.95,JOBACK,
CC(=O)Cc1ccccc1,"2-PROPANONE, PHENYL",7678,"['103-79-7', '136675-26-8']",487.15,CRC_ORG,
CC(C)=O,2-PROPANONE,180,"['67-64-1', '67-64-1']",329.23,CRC_ORG,Danger
C=CCO,2-PROPEN-1-OL,7858,"['107-18-6', '107-18-6']",370.05,CRC_ORG,Danger
CCCCCCCCN1CCCC1=O,"2-PYRROLIDINONE, 1-OCTYL",3033871,"['2687-94-7', '2687-94-7', '10-13-1']",570.1,JOBACK,Danger
O=C1CCCN1,2-PYRROLIDINONE,12025,"['616-45-5', '616-45-5']",524.35,CRC_ORG,Danger
CC1CCC(=O)N1C,"2-PYRROLIDONE, 1,5-DIMETHYL",101194,['5075-92-3'],490.15,COMMON_CHEMISTRY,Warning
CCN1CCCC1=O,"2-PYRROLIDONE, 1-ETHYL",17595,"['2687-91-4', '2687-91-4', '21-06-0']",370.15,COMMON_CHEMISTRY,Danger
CN1CCCC1=O,"2-PYRROLIDONE, 1-METHYL",13387,"['872-50-4', '2687-44-7', '51013-18-4', '26138-58-9', '872-50-4', '30207-69-3', '26876-92-6']",477.35,CRC_ORG,Danger
O=Cc1cccs1,2-THIOPHENECARBOXALDEHYDE,7364,['98-03-3'],472.15,CRC_ORG,Warning
CCOC(=O)c1cocc1C(=O)OCC,"3,4-FURANDICARBOXYLIC ACID, DIETHYL ESTER",35399,"['30614-77-8', '18-07-0']",600.02,JOBACK,
C=C(C)CCO,"3-BUTEN-1-OL, 3-METHYL",12988,"['763-32-6', '763-32-6']",405.15,CRC_ORG,Danger
C=CC(C)(C)O,"3-BUTEN-2-OL, 2-METHYL",8257,"['115-18-4', '01-00-0', '115-18-4']",372.45,CRC_ORG,Danger
O=C1CC=CO1,"3-BUTENOIC ACID, 4-HYDROXY, GAMMA-LACTONE",140765,['20825-71-2'],359.91,JOBACK,Warning
CC(=O)C1CC=CCC1,"3-CYCLOHEXENE, 1-ACETYL",239587,['7353-76-6'],455.22,JOBACK,Warning
O=CC1CC=CCC1,3-CYCLOHEXENE-1-CARBOXALDEHYDE,7508,"['100-50-5', '07-00-0', '100-50-5']",437.15,CRC_ORG,Warning
COC(=O)C1CC=CCC1,"3-CYCLOHEXENE-1-CARBOXYLIC ACID, METHYL ESTER",96926,['6493-77-2'],454.15,CRC_ORG,Warning
N#CC1CC=CCC1,"3-CYCLOHEXENE-1-CARBOXYLIC ACID, NITRILE",66013,"['100-45-8', '09-00-0']",480.55,JOBACK,Warning
COC(=O)c1ccoc1,"3-FURANCARBOXYLIC ACID, METHYL ESTER",14918,"['13129-23-2', '1334-76-5']",433.15,YAWS,Warning
N#Cc1ccoc1,"3-FURANCARBOXYLIC ACID, NITRILE",100698,['30078-65-0'],424.15,YAWS,Danger
COC(=O)C1CCOC1,"3-FURANCARBOXYLIC ACID, TETRAHYDRO, METHYL ESTER",10678263,['53662-85-4'],437.33,JOBACK,Warning
O=Cc1ccoc1,3-FURFURAL,10351,['498-60-2'],418.15,CRC_ORG,Danger
CCCCC(=O)CC,3-HEPTANONE,7802,"['106-35-4', '01-00-0']",419.15,CRC_ORG,Warning
O=CN1CCOC1,3-OXAZOLIDINECARBOXALDEHYDE,87378580,[],394.85,JOBACK,
COC(=O)N1CCOC1,"3-OXAZOLIDINECARBOXYLIC ACID, METHYL ESTER",110739998,[],427.29,JOBACK,
CCC(O)C(C)(C)[N+](=O)[O-],"3-PENTANOL, 2-METHYL, 2-NITRO",226826,['20570-67-6'],577.23,JOBACK,
CCC(O)CC,3-PENTANOL,11428,"['584-02-1', '144032-75-7', '01-00-0']",396.15,CRC_ORG,Warning
CCC(=O)CC,3-PENTANONE,7288,"['96-22-0', '96-22-0']",375.05,CRC_ORG,Danger
COC(=O)c1c(C)noc1C,"4-ISOXAZOLECARBOXYLIC ACID, 3,5-DIMETHYL, METHYL ESTER",11804991,['56328-87-1'],531.84,JOBACK,
O=CN1CCOCC1,4-MORPHOLINECARBOXALDEHYDE,20417,"['4394-85-8', '4394-85-8']",511.15,CRC_ORG,Warning
COC(=O)N1CCOCC1,"4-MORPHOLINECARBOXYLIC ACID, METHYL ESTER",12575354,['6906-13-4'],454.44,JOBACK,
c1ccc2c(c1)ccc1cccnc12,"7,8-BENZOQUINOLINE",9191,"['230-27-3', '20-08-0']",614.45,CRC_ORG,Warning
O=C1c2cc([N+](=O)[O-])ccc2-c2c1cc([N+](=O)[O-])cc2[N+](=O)[O-],"9-FLUORENONE, 2,4,7-TRINITRO",8521,['129-79-3'],1101.51,JOBACK,Danger
CCCCCCCCC(=O)CCCCCCCC,9-HEPTADECANONE,10887,"['540-08-9', '01-00-0']",524.65,CRC_ORG,Warning
CC(=O)COC(C)=O,"ACETIC ACID, 2-OXOPROPYL ESTER",11593,['592-20-1'],444.15,CRC_ORG,
CC(=O)N(C)C,"ACETIC ACID, AMIDE, N,N-DIMETHYL",31374,"['127-19-5', '127-19-5']",439.05,CRC_ORG,Danger
CCNC(C)=O,"ACETIC ACID, AMIDE, N-ETHYL",12253,"['625-50-3', '04-00-0']",478.15,CRC_ORG,Warning
CC(=O)NC(C)C,"ACETIC ACID, AMIDE, N-ISOPROPYL",136874,['1118-69-0'],494.9,COMMON_CHEMISTRY,
CNC(C)=O,"ACETIC ACID, AMIDE, N-METHYL",6582,"['79-16-3', '79-16-3']",481.15,CRC_ORG,Danger
CC(=O)Nc1ccccc1,"ACETIC ACID, AMIDE, N-PHENYL",904,"['103-84-4', '103-84-4', '001-04-4']",565.15,CRC_ORG,Warning
CC(=O)OCc1ccccc1,"ACETIC ACID, BENZYL ESTER",8785,"['140-11-4', '140-11-4']",488.15,CRC_ORG,Warning
CCOC(=O)CBr,"ACETIC ACID, BROMO, ETHYL ESTER",7748,"['105-36-2', '02-00-0', '105-36-2']",432.15,CRC_ORG,Danger
CCCCOC(C)=O,"ACETIC ACID, BUTYL ESTER",31272,"['123-86-4', '02-00-0', '123-86-4']",399.15,CRC_ORG,Warning
N#CCCl,"ACETIC ACID, CHLORO, NITRILE",7856,"['107-14-2', '02-00-0', '107-14-2']",381.15,CRC_ORG,Danger
O=C(O)C(Cl)Cl,"ACETIC ACID, DICHLORO",6597,"['79-43-6', '79-43-6', '02-00-0']",466.15,CRC_ORG,Danger
O=C(OCC[N+](=O)[O-])C(F)F,"ACETIC ACID, DIFLUORO, 2-NITROETHYL ESTER",,[''],499.28,JOBACK,
CCOC(C)=O,"ACETIC ACID, ETHYL ESTER",8857,"['141-78-6', '141-78-6']",350.25,CRC_ORG,Danger
CCCCCCOC(C)=O,"ACETIC ACID, HEXYL ESTER",8908,"['142-92-7', '88230-35-7', '02-00-0', '142-92-7', '88230-35-7']",444.25,CRC_ORG,Warning
COC(=O)CNCC(=O)OC,"ACETIC ACID, IMINODI, DIMETHYL ESTER",428827,['6096-81-7'],503.49,JOBACK,
COC(=O)CN(C)CC(=O)OC,"ACETIC ACID, IMINODI, N-METHYL, DIMETHYL ESTER",12770583,['40418-38-0'],488.64,JOBACK,
COCC#N,"ACETIC ACID, METHOXY, NITRILE",74442,['1738-36-9'],394.15,CRC_ORG,Warning
COC(C)=O,"ACETIC ACID, METHYL ESTER",6584,"['79-20-9', '79-20-9']",329.85,CRC_ORG,Danger
CC#N,"ACETIC ACID, NITRILE",6342,"['75-05-8', '148642-19-7', '75-05-8']",354.75,CRC_ORG,Danger
COC(=O)COCC(=O)OC,"ACETIC ACID, OXYDI, DIMETHYL ESTER",201877,['7040-23-5'],475.74,JOBACK,
CC(=O)Oc1ccccc1,"ACETIC ACID, PHENYL ESTER",31229,"['122-79-2', '06-00-0']",468.15,CRC_ORG,Warning
N#CCc1ccccc1,"ACETIC ACID, PHENYL, NITRILE",8794,"['140-29-4', '140-29-4']",505.15,CRC_ORG,Danger
CCCOC(C)=O,"ACETIC ACID, PROPYL ESTER",7997,"['109-60-4', '02-00-0', '109-60-4']",374.15,CRC_ORG,Danger
CC(=O)O,ACETIC ACID,176,"['64-19-7', '285977-76-6', '68475-71-8', '57745-60-5', '63459-47-2', '79562-15-5', '546-67-8', '02-00-0', '77671-22-8', '64-19-7', '158461-04-2', '2887-46-9']",391.05,CRC_ORG,Danger
CC(=O)c1c(F)c(F)c(F)c(F)c1F,"ACETOPHENONE, 2',3',4',5',6'-PENTAFLUORO",69546,['652-29-9'],403.6,YAWS,Warning
O=C(c1c(F)c(F)c(F)c(F)c1F)C(F)(F)F,"ACETOPHENONE, OCTAFLUORO",136467,['652-22-2'],403.65,YAWS,Warning
CC(=O)c1ccccc1,ACETOPHENONE,7410,"['98-86-2', '98-86-2']",475.25,CRC_ORG,Warning
O=C(OCC[N+](=O)[O-])C(F)(F)F,"ACTIC ACID, TRIFLUORO, 2-NITROETHYL ESTER",154236721,[],495.76,JOBACK,
CC1=CCC2CC1C2(C)C,ALPHA-PINENE,6654,"['80-56-8', '2437-95-8', '25766-18-1', '80-56-8', '05-00-0']",429.45,CRC_ORG,Warning
CCN(CC)N=O,"AMINE, DIETHYL, N-NITROSO",5921,"['55-18-5', '1346603-41-5', '55-18-5']",445.15,CRC_ORG,Danger
CCNCC,"AMINE, DIETHYL",8021,"['109-89-7', '109-89-7']",328.55,CRC_ORG,Danger
CC(C)NC(C)C,"AMINE, DIISOPROPYL",7912,"['108-18-9', '108-18-9']",357.15,CRC_ORG,Danger
CCN(C)C,"AMINE, DIMETHYL ETHYL",11723,"['598-56-1', '84649-84-3', '70955-13-4']",309.65,CRC_ORG,Danger
CNC,"AMINE, DIMETHYL",674,"['124-40-3', '20786-94-1', '124-40-3']",280.45,CRC_ORG,Danger
c1ccc(Nc2ccccc2)cc1,"AMINE, DIPHENYL",11487,"['122-39-4', '25656-57-9', '122-39-4', '13-12-9']",578.25,CRC_ORG,Danger
CCCNCCC,"AMINE, DIPROPYL",8902,"['142-84-7', '142-84-7']",380.65,CRC_ORG,Danger
CCCCCCCCCCCCN,"AMINE, DODECYL",13583,"['124-22-1', '68155-27-1', '124-22-1', '04-00-0']",528.15,CRC_ORG,Danger
FC(F)(F)C(F)(F)C(F)(F)C(F)(F)N(C(F)(F)C(F)(F)C(F)(F)C(F)(F)F)C(F)(F)C(F)(F)C(F)(F)C(F)(F)F,"AMINE, TRIBUTYL, PERFLUORO",9397,['311-89-7'],451.15,CRC_ORG,Warning
CCCCN(CCCC)CCCC,"AMINE, TRIBUTYL",7622,"['102-82-9', '102-82-9']",480.15,CRC_ORG,Danger
OCCN(CCO)CCO,"AMINE, TRIETHYL, 2,2',2''-TRIHYDROXY",7618,"['102-71-6', '64114-46-1', '102-71-6']",623.15,CRC_ORG,Warning
CCN(CC)CC,"AMINE, TRIETHYL",8471,"['121-44-8', '121-44-8']",361.95,CRC_ORG,Danger
CCCCCCN(CCCCCC)CCCCCC,"AMINE, TRIHEXYL",66022,"['102-86-3', '68038-01-7', '10-13-1', '17-14-1', '18-15-1']",534.85,CRC_ORG,Warning
CCCCCCCCN(CCCCCCCC)CCCCCCCC,"AMINE, TRIOCTYL",14227,"['1116-76-3', '1219798-90-9']",652.15,CRC_ORG,Danger
CCCCCN(CCCCC)CCCCC,"AMINE, TRIPENTYL",12133,"['621-77-2', '214290-37-6']",515.65,CRC_ORG,Danger
Nc1c(F)c(F)c(F)c(F)c1F,"ANILINE, 2,3,4,5,6-PENTAFLUORO",13040,['771-60-8'],426.65,CRC_ORG,Warning
Nc1c(F)cc(F)c(F)c1F,"ANILINE, 2,3,4,6-TETRAFLUORO",123048,"['363-73-5', '6984-96-9']",453.09,JOBACK,Warning
Nc1ccc(F)cc1F,"ANILINE, 2,4-DIFLUORO",9709,"['367-25-9', '12-00-0', '367-25-9']",443.15,CRC_ORG,Danger
Nc1cc(C(F)(F)F)ccc1C(F)(F)F,"ANILINE, 2,5-BIS(TRIFLUOROMETHYL)",719818,['328-93-8'],480.97,JOBACK,Warning
Nc1ccccc1F,"ANILINE, 2-FLUORO",9584,['348-54-9'],448.15,CRC_ORG,Danger
COc1ccccc1N,"ANILINE, 2-METHOXY",7000,"['90-04-0', '90-04-0', '13-00-0']",494.15,CRC_ORG,Danger
Nc1cccc(C(F)F)c1,"ANILINE, 3-(DIFLUOROMETHYL)",23445119,['368-99-0'],462.05,JOBACK,Warning
Nc1cccc(C(F)(F)F)c1,"ANILINE, 3-(TRIFLUOROMETHYL)",7375,"['98-16-8', '98-16-8', '12-00-0']",460.15,CRC_ORG,Danger
CN(C)c1ccc(Br)cc1,"ANILINE, 4-BROMO, N,N-DIMETHYL",11465,['586-77-6'],537.15,CRC_ORG,Warning
Nc1ccc(F)cc1,"ANILINE, 4-FLUORO",9731,"['371-40-4', '12-00-0', '371-40-4']",455.15,CRC_ORG,Danger
COc1ccc(N)cc1,"ANILINE, 4-METHOXY",7732,"['104-94-9', '29191-52-4', '104-94-9']",516.15,CRC_ORG,Danger
Nc1ccc(SC(F)F)cc1,"ANILINE, 4-[(DIFLUOROMETHYL)THIO]",3689135,['24933-60-6'],530.83,JOBACK,Danger
CCCCN(CCCC)c1ccccc1,"ANILINE, N,N-DIBUTYL",61154,"['613-29-6', '14-10-8']",547.95,CRC_ORG,Warning
CCN(CC)c1ccccc1,"ANILINE, N,N-DIETHYL",7061,"['91-66-7', '2065185-74-0', '91-66-7']",489.15,CRC_ORG,Danger
CN(C)c1cccc([N+](=O)[O-])c1,"ANILINE, N,N-DIMETHYL, 3-NITRO",69269,['619-31-8'],555.65,CRC_ORG,Warning
CN(C)c1ccc(N=O)cc1,"ANILINE, N,N-DIMETHYL, 4-NITROSO",8749,"['138-89-6', '138-89-6', '13139-88-3', '12-00-0']",490.14,JOBACK,Danger
CN(C)c1ccccc1,"ANILINE, N,N-DIMETHYL",949,"['121-69-7', '86362-18-7', '121-69-7', '101357-19-1']",466.15,CRC_ORG,Danger
CNc1ccccc1,"ANILINE, N-METHYL",7515,"['100-61-8', '100-61-8']",470.15,CRC_ORG,Danger
Nc1ccccc1,ANILINE,6115,"['62-53-3', '62-53-3', '136260-71-4']",457.25,CRC_ORG,Danger
CC(=O)N1CC1,"AZIRIDINE, 1-ACETYL",9994,"['460-07-1', '20-01-0']",364.57,JOBACK,
Cc1ccc(N=Nc2ccc(OCc3ccc(Cl)cc3)c(C)c2)cc1,"AZOBENZENE, 3,4'-DIMETHYL-4-[(4-CHLOROBENZYL)OXY]",10736623,[],989.09,JOBACK,
c1ccc(N=Nc2ccccc2)cc1,AZOBENZENE,2272,"['103-33-3', '17082-12-1', '1080-16-6', '103-33-3', '16-00-0']",566.2,WEBBOOK,
CCCCCCCOc1ccc(N=[N+]([O-])c2ccc(OCCCCCCC)cc2)cc1,"AZOXYBENZENE, 4,4'-DIHEPTOXY",75832,['2635-26-9'],978.48,JOBACK,
CCCCCCOc1ccc(N=[N+]([O-])c2ccc(OCCCCCC)cc2)cc1,"AZOXYBENZENE, 4,4'-DIHEXOXY",75756,['2587-42-0'],932.72,JOBACK,
O=Cc1ccc([N+](=O)[O-])cc1[N+](=O)[O-],"BENZALDEHYDE, 2,4-DINITRO",68250,"['528-75-6', '07-00-0']",748.74,JOBACK,Warning
O=Cc1cccc([N+](=O)[O-])c1,"BENZALDEHYDE, 3-NITRO",7449,"['99-61-6', '99-61-6']",437.15,COMMON_CHEMISTRY,Warning
CN(C)c1ccc(C=O)cc1,"BENZALDEHYDE, 4(DIMETHYLAMINO)",7479,"['100-10-7', '100-10-7']",449.65,COMMON_CHEMISTRY,Warning
O=Cc1ccccc1,BENZALDEHYDE,240,"['100-52-7', '8013-76-1', '100-52-7']",451.85,CRC_ORG,Warning
Clc1ccc(Cl)c(Cl)c1,"BENZENE, 1,2,4-TRICHLORO",13,"['120-82-1', '63697-18-7', '120-82-1', '104810-41-5']",486.65,CRC_ORG,Danger
O=C(Oc1ccccc1OC(=O)c1ccccc1)c1ccccc1,"BENZENE, 1,2-DIHYDROXY, DIBENZOATE",69514,"['643-94-7', '001-01-7']",858.66,JOBACK,
CCCC(=O)Oc1ccccc1OC(=O)CCC,"BENZENE, 1,2-DIHYDROXY, DIBUTYRATE",249230,['14346-29-3'],668.02,JOBACK,
Cc1ccccc1C,"BENZENE, 1,2-DIMETHYL",7237,"['95-47-6', '68411-84-7', '95-47-6']",417.55,CRC_ORG,Danger
c1ccc(-c2ccccc2-c2ccccc2)cc1,"BENZENE, 1,2-DIPHENYL",6766,"['84-15-1', '61788-33-8', '84-15-1', '17-13-7', '16-11-5']",610.15,CRC_ORG,Warning
O=[N+]([O-])c1cc([N+](=O)[O-])cc([N+](=O)[O-])c1,"BENZENE, 1,3,5-TRINITRO",7434,['99-35-4'],588.15,CRC_ORG,Danger
Nc1cccc(N)c1,"BENZENE, 1,3-DIAMINO",7935,"['108-45-2', '108-45-2', '13-00-0']",555.15,CRC_ORG,Danger
COc1cccc(OC)c1,"BENZENE, 1,3-DIMETHOXY",9025,"['151-10-0', '151-10-0']",489.15,CRC_ORG,
Cc1cccc(C)c1,"BENZENE, 1,3-DIMETHYL",7929,"['108-38-3', '68908-87-2', '108-38-3', '1330-20-7']",412.25,CRC_ORG,Danger
COc1c([N+](=O)[O-])cc(C(F)(F)F)cc1[N+](=O)[O-],"BENZENE, 1,3-DINITRO, 2-METHOXY, 5-(TRIFLUOROMETHYL)",2804078,['317-70-4'],744.94,JOBACK,
c1ccc(-c2cccc(-c3ccccc3)c2)cc1,"BENZENE, 1,3-DIPHENYL",7076,"['92-06-8', '92-06-8', '8042-11-3', '17-12-7', '16-10-5']",648.15,CRC_ORG,Warning
Cc1ccc(C)cc1,"BENZENE, 1,4-DIMETHYL",7809,"['106-42-3', '68650-36-2', '68411-39-2', '106-42-3', '136777-61-2', '25951-90-0']",411.45,CRC_ORG,Danger
O=[N+]([O-])c1cccc(OC(F)F)c1,"BENZENE, 1-(DIFLUOROMETHOXY), 3-NITRO",2774117,['22236-07-3'],563.78,JOBACK,Warning
O=[N+]([O-])c1ccc(OC(F)F)cc1,"BENZENE, 1-(DIFLUOROMETHOXY), 4-NITRO",2737014,['1544-86-1'],563.78,JOBACK,Warning
Nc1ccccc1S,"BENZENE, 1-AMINO, 2-MERCAPTO",8713,"['137-07-5', '40451-21-6', '13-00-0']",507.15,CRC_ORG,
Cc1cc(C)cc(N)c1,"BENZENE, 1-AMINO, 3,5-DIMETHYL",7949,"['108-69-0', '108-69-0']",490.15,CRC_ORG,Danger
Fc1ccc(Br)cc1,"BENZENE, 1-BROMO, 4-FLUORO",9993,"['460-00-4', '460-00-4']",423.15,CRC_ORG,Warning
COc1ccc(Br)cc1,"BENZENE, 1-BROMO, 4-METHOXY",7730,['104-92-7'],488.15,CRC_ORG,Warning
O=[N+]([O-])c1ccc(Cl)c([N+](=O)[O-])c1,"BENZENE, 1-CHLORO, 2,4-DINITRO",6,"['97-00-7', '347840-12-4', '97-00-7']",588.15,CRC_ORG,Danger
O=[N+]([O-])c1ccccc1Cl,"BENZENE, 1-CHLORO-2-NITRO",6945,"['88-73-3', '25167-93-5', '88-73-3']",519.35,CRC_ORG,Danger
CCc1ccccc1[N+](=O)[O-],"BENZENE, 1-ETHYL, 2-NITRO",69156,"['612-22-6', '30179-51-2']",505.65,CRC_ORG,Warning
CCc1ccc([N+](=O)[O-])cc1,"BENZENE, 1-ETHYL, 4-NITRO",7480,['100-12-9'],518.65,CRC_ORG,Warning
O=[N+]([O-])c1ccc(F)c([N+](=O)[O-])c1,"BENZENE, 1-FLUORO, 2,4-DINITRO",6264,"['70-34-8', '70-34-8', '05-00-0']",569.15,CRC_ORG,Danger
COc1ccccc1F,"BENZENE, 1-FLUORO, 2-METHOXY",67576,['321-28-8'],427.65,CRC_ORG,Warning
O=[N+]([O-])c1ccccc1F,"BENZENE, 1-FLUORO, 2-NITRO",73895,"['1493-27-2', '127723-77-7']",519.65,JOBACK,Danger
O=[N+]([O-])c1cccc(F)c1,"BENZENE, 1-FLUORO, 3-NITRO",9823,['402-67-5'],470.15,CRC_ORG,Danger
O=[N+]([O-])c1ccc(F)cc1,"BENZENE, 1-FLUORO, 4-NITRO",9590,"['350-46-9', '178603-76-4']",478.15,CRC_ORG,Danger
COc1ccc(C(F)(F)F)cc1[N+](=O)[O-],"BENZENE, 1-METHOXY, 2-NITRO, 4-(TRIFLUOROMETHYL)",96748,['394-25-2'],588.12,JOBACK,Danger
COc1cccc([N+](=O)[O-])c1,"BENZENE, 1-METHOXY, 3-NITRO",11140,['555-03-3'],531.15,CRC_ORG,Warning
Cc1ccccc1[N+](=O)[O-],"BENZENE, 1-METHYL-2-NITRO",6944,"['88-72-2', '1321-12-6', '88-72-2']",494.05,CRC_ORG,Danger
Cc1ccc([N+](=O)[O-])cc1,"BENZENE, 1-METHYL-4-NITRO",7473,"['99-99-0', '99-99-0']",511.81,CRC_ORG,Danger
O=[N+]([O-])c1cccc(SC(F)(F)F)c1,"BENZENE, 1-NITRO, 3-[ (TRIFLUOROMETHYL) THIO]",67787,"['370-47-8', '3849-68-1']",377.15,COMMON_CHEMISTRY,
O=[N+]([O-])c1ccc(SC(F)(F)F)cc1,"BENZENE, 1-NITRO, 4-[ (TRIFLUOROMETHYL) THIO]",4210035,['403-66-7'],606.62,JOBACK,
O=[N+]([O-])c1ccccc1SC(F)F,"BENZENE, 1-[(DIFLUOROMETHYL)THIO], 2-NITRO",131851739,['24933-38-8'],610.14,JOBACK,
O=[N+]([O-])c1ccc(SC(F)F)cc1,"BENZENE, 1-[(DIFLUOROMETHYL)THIO], 4-NITRO",4210036,['24933-57-1'],610.14,JOBACK,
O=[N+]([O-])c1ccc(F)cc1F,"BENZENE, 2,4-DIFLUORO, 1-NITRO",67967,"['446-35-5', '446-35-5']",480.15,CRC_ORG,Danger
CCc1c([N+](=O)[O-])cc([N+](=O)[O-])cc1[N+](=O)[O-],"BENZENE, 2-ETHYL, 1,3,5-TRINITRO",26373,"['13985-60-9', '05-00-0']",879.78,JOBACK,
Cc1cc(C)c([N+](=O)[O-])c(C)c1,"BENZENE, 2-NITRO, 1,3,5-TRIMETHYL",69051,"['603-71-4', '34505-32-3']",528.15,CRC_ORG,Warning
O=[N+]([O-])c1cc(C(F)(F)F)ccc1C(F)(F)F,"BENZENE, 2-NITRO, 1,4-BIS(TRIFLUOROMETHYL)",2734048,['320-88-7'],560.28,JOBACK,Warning
O=[N+]([O-])c1c(F)ccc(F)c1F,"BENZENE, 3-NITRO, 1,2,4-TRIFLUORO",3016321,['42096-74-2'],528.15,JOBACK,Warning
COc1ccc(F)cc1[N+](=O)[O-],"BENZENE, 4-FLUORO, 1-METHOXY, 2-NITRO",565656,['445-83-0'],569.93,JOBACK,Warning
O=[N+]([O-])c1c(F)cc(F)c(F)c1F,"BENZENE, 4-NITRO, 1,2,3,5-TETRAFLUORO",67566,['314-41-0'],532.4,JOBACK,Warning
Brc1ccccc1,"BENZENE, BROMO",7961,"['108-86-1', '108-86-1', '52753-63-6']",429.05,CRC_ORG,Warning
ClCc1ccccc1,"BENZENE, CHLOROMETHYL",7503,"['100-44-7', '100-44-7']",447.15,CRC_ORG,Danger
Clc1ccccc1,"BENZENE, CHLORO",7964,"['108-90-7', '68411-45-0', '108-90-7']",404.75,CRC_ORG,Warning
c1ccc(C2CCCCC2)cc1,"BENZENE, CYCLOHEXYL",13229,"['827-52-1', '19016-95-6', '05-00-0']",512.15,CRC_ORG,Danger
CCOc1c(F)c(F)c(F)c(F)c1F,"BENZENE, ETHOXY, 2,3,4,5,6-PENTAFLUORO",12664036,['776-39-6'],452.99,JOBACK,
CCOc1ccccc1,"BENZENE, ETHOXY",7674,['103-73-1'],442.95,CRC_ORG,Warning
CCc1ccccc1,"BENZENE, ETHYL",7500,"['100-41-4', '158507-69-8', '68908-88-3', '20302-26-5', '287399-33-1', '27536-89-6', '70955-17-8', '100-41-4']",409.35,CRC_ORG,Danger
Fc1ccccc1,"BENZENE, FLUORO",10008,"['462-06-6', '462-06-6']",357.85,CRC_ORG,Danger
CCCCCCc1ccccc1,"BENZENE, HEXYL",14109,['1077-16-3'],499.15,CRC_ORG,Warning
Ic1ccccc1,"BENZENE, IODO",11575,"['591-50-4', '51209-48-4']",461.65,CRC_ORG,Warning
CC(C)c1ccccc1,"BENZENE, ISOPROPYL",7406,"['98-82-8', '68333-89-1', '101316-43-2', '68411-37-0', '80-15-9', '98-82-8', '68936-98-1']",425.55,CRC_ORG,Danger
COc1c(F)c(F)c(F)c(F)c1F,"BENZENE, METHOXY, 2,3,4,5,6-PENTAFLUORO",67849,['389-40-2'],411.65,CRC_ORG,Warning
COc1ccccc1,"BENZENE, METHOXY",7519,['100-66-3'],426.75,CRC_ORG,Warning
O=[N+]([O-])c1c(F)c(F)c(F)c(F)c1F,"BENZENE, NITRO, 2,3,4,5,6-PENTAFLUORO",70154,['880-78-4'],432.7,WEBBOOK,Warning
O=[N+]([O-])c1ccccc1,"BENZENE, NITRO",7416,"['98-95-3', '98-95-3']",483.85,CRC_ORG,Danger
CCCCCCCCCCCCCCCCCCc1ccccc1,"BENZENE, OCTADECYL",78187,['4445-07-2'],673.15,CRC_ORG,
CCCCCCCCc1ccccc1,"BENZENE, OCTYL",16607,['2189-60-8'],536.15,CRC_ORG,
Fc1c(F)c(F)c(F)c(F)c1F,"BENZENE, PERFLUORO",9805,['392-56-3'],353.35,CRC_ORG,Danger
FC(F)(F)c1ccccc1,"BENZENE, TRIFLUOROMETHYL",7368,"['98-08-8', '05-00-0', '98-08-8']",375.15,CRC_ORG,Danger
CC(C)NS(=O)(=O)c1ccccc1,"BENZENESULFONIC ACID, N-ISOPROPYL, AMIDE",220600,['5339-69-5'],460.93,JOBACK,
O=S(=O)(Oc1ccccc1)C(F)(F)F,"BENZENESULFONIC ACID, TRIFLUOROMETHYL ESTER",548641,['17763-67-6'],382.44,JOBACK,Danger
c1ccccc1,BENZENE,241,"['71-43-2', '54682-86-9', '2396-01-2', '62485-97-6', '26181-88-4', '71-43-2', '25053-22-9', '3355-34-8']",353.23,CRC_ORG,Danger
COC(=O)c1ccccc1O,"BENZOIC ACID, 2-HYDROXY-, METHYL ESTER",4133,"['119-36-8', '68917-75-9', '90045-28-6', '68917-50-0', '302912-49-8', '10-00-0', '135952-76-0', '8024-54-2', '119-36-8', '1335435-40-9', '9041-28-5']",495.75,CRC_ORG,Warning
CCCCNC(=O)c1ccccc1,"BENZOIC ACID, AMIDE, N-BUTYL",76024,"['2782-40-3', '09-00-0']",582,JOBACK,Danger
CCCCCNC(=O)c1ccccc1,"BENZOIC ACID, AMIDE, N-PENTYL",88484,"['20308-43-4', '09-00-0']",604.88,JOBACK,
CCOC(=O)c1ccccc1,"BENZOIC ACID, ETHYL ESTER",7165,"['93-89-0', '93-89-0', '70750-02-6', '70750-03-7', '70750-04-8']",485.65,CRC_ORG,
COC(=O)c1ccccc1,"BENZOIC ACID, METHYL ESTER",7150,"['93-58-3', '93-58-3']",472.15,CRC_ORG,Warning
N#Cc1ccccc1,"BENZOIC ACID, NITRILE",7505,"['100-47-0', '100-47-0']",464.15,CRC_ORG,Warning
N#Cc1c(F)c(F)c(F)c(F)c1F,"BENZOIC ACID, PENTAFLUORO, NITRILE",69882,['773-82-0'],435.15,CRC_ORG,Warning
N#Cc1cccc(C(F)(F)F)c1,"BENZONITRILE, 3-(TRIFLUOROMETHYL)",67783,['368-77-4'],462.15,CRC_ORG,Danger
O=C(c1ccccc1)c1ccccc1,BENZOPHENONE,3102,"['119-61-9', '119-61-9']",579.05,CRC_ORG,Warning
OCc1ccccc1,BENZYL ALCOHOL,244,"['100-51-6', '66072-40-0', '06-00-0', '185532-71-2', '100-51-6', '201740-95-6']",478.45,CRC_ORG,Warning
C=C1CCC2CC1C2(C)C,BETA-PINENE,14896,"['127-91-3', '25719-60-2', '127-91-3', '177698-19-0']",438.95,CRC_ORG,Danger
C1CCC(C2CCCCC2)CC1,BICYCLOHEXYL,7094,"['92-51-3', '92-51-3']",512.15,CRC_ORG,Danger
Cc1ccc(-c2ccc(C)cc2)cc1,"BIPHENYL, 4,4'-DIMETHYL",11941,['613-33-2'],567.15,CRC_ORG,
CCCCCCCOc1ccc(-c2ccc(C#N)cc2)cc1,"BIPHENYL, 4-CARBONITRILE, 4'-(HEPTYLOXY)",104172,['52364-72-4'],845.02,JOBACK,Warning
CCCCCCOc1ccc(-c2ccc(C#N)cc2)cc1,"BIPHENYL, 4-CARBONITRILE, 4'-(HEXYLOXY)",162465,['41424-11-7'],822.14,JOBACK,Warning
CCCCCCCCOc1ccc(-c2ccc(C#N)cc2)cc1,"BIPHENYL, 4-CARBONITRILE, 4'-(OCTYLOXY)",104173,['52364-73-5'],867.9,JOBACK,Warning
CCCCCOc1ccc(-c2ccc(C#N)cc2)cc1,"BIPHENYL, 4-CARBONITRILE, 4'-(PENTYLOXY)",104171,['52364-71-3'],799.26,JOBACK,Warning
c1ccc(Cc2ccccc2-c2ccccc2)cc1,"BIPHENYL, BENZYL",169283,"['606-97-3', '31307-59-2', '29656-65-3']",719.34,JOBACK,
c1ccc(-c2ccccc2)cc1,BIPHENYL,7095,"['92-52-4', '6120-99-6', '4819-98-1', '68409-73-4', '92-52-4', '26008-28-6']",528.35,CRC_ORG,Danger
CCCC=O,BUTANAL,261,"['123-72-8', '01-00-0', '27789-14-6', '123-72-8']",347.95,CRC_ORG,Danger
CCCCN(CCCC)C(=O)C(C)(C)CC,"BUTANAMIDE, N,N-DIBUTYL, 2,2-DIMETHYL",4635095,[],583,JOBACK,
FCC(F)(F)C(F)(F)C(F)(F)F,"BUTANE, 1,1,1,2,2,3,3,4-OCTAFLUORO",2775847,['662-35-1'],301,WEBBOOK,
C1CCC(CCCCC2CCCC2)C1,"BUTANE, 1,4-DICYCLOPENTYL",535104,['2980-70-3'],550.48,JOBACK,
CCCCN,"BUTANE, 1-AMINO",8007,"['109-73-9', '347841-81-0', '109-73-9']",350.15,CRC_ORG,Danger
CCCCCl,"BUTANE, 1-CHLORO",8005,"['109-69-3', '01-00-0', '109-69-3', '25154-42-1']",351.55,CRC_ORG,Danger
CC(C)C(C)(C)C,"BUTANE, 2,2,3-TRIMETHYL",10044,['464-06-2'],353.95,CRC_ORG,Danger
CCC(C)(C)C,"BUTANE, 2,2-DIMETHYL",6403,"['75-83-2', '75-83-2']",322.85,CRC_ORG,Danger
CC(C)C(C)C,"BUTANE, 2,3-DIMETHYL",6589,"['79-29-8', '79-29-8']",331.15,CRC_ORG,Danger
CCC(C)C,"BUTANE, 2-METHYL",6556,"['78-78-4', '13221-81-3', '68513-65-5', '78-78-4', '78-78-4', '78-78-4', '2492-33-3']",300.98,CRC_ORG,Danger
CCCC,BUTANE,7843,"['106-97-8', '68514-31-8', '68476-42-6']",272.65,CRC_ORG,Danger
CC(=O)C1CCOC1=O,"BUTANOIC ACID, 2-ACETYL, 4-HYDROXY, GAMMA-LACTONE",10601,"['517-23-7', '517-23-7', '313643-49-1']",415.15,COMMON_CHEMISTRY,Warning
O=C1OCCC1Br,"BUTANOIC ACID, 2-BROMO, 4-HYDROXY, GAMMA-LACTONE",95463,['5061-21-2'],422.24,JOBACK,Warning
CC(=O)CC#N,"BUTANOIC ACID, 3-OXO, NITRILE",75579,['2469-99-0'],447.07,JOBACK,Warning
COC(=O)CC(C)=O,"BUTANOIC ACID, 3-OXO-, METHYL ESTER",7757,"['105-45-3', '105-45-3']",441.15,CRC_ORG,Warning
O=C1CCCO1,"BUTANOIC ACID, 4-HYDROXY, LACTONE",7302,"['96-48-0', '96-48-0', '31213-03-3']",477.75,CRC_ORG,Danger
CCCC#N,"BUTANOIC ACID, NITRILE",8008,"['109-74-0', '02-00-0']",390.75,CRC_ORG,Danger
COC(=O)N(C)C,"CARBAMIC ACID, N,N-DIMETHYL, METHYL ESTER",123254,['7541-16-4'],361.78,JOBACK,
S=C=S,CARBON DISULFIDE,6348,"['75-15-0', '03-00-0', '12539-80-9', '75-15-0']",319.35,CRC_ORG,Danger
COC(=O)OC,"CARBONIC ACID, DIMETHYL ESTER",12021,"['616-38-6', '616-38-6']",363.26,CRC_ORG,Danger
CCCCOC(=O)CC(CC(=O)OCCCC)(OC(C)=O)C(=O)OCCCC,"CITRIC ACID, TRIBUTYL ESTER.ACETATE",6505,"['77-90-7', '77-90-7']",446.15,YAWS,
OC1CCCCCC1,CYCLOHEPTANOL,10399,['502-41-0'],458.15,CRC_ORG,Warning
C=C(C)C1CCCC(C)C1,"CYCLOHEXANE, 1-METHYL-3-(1-METHYLETHENYL)",565487,[],439.84,JOBACK,
CC(=O)C1=CCCCC1,"CYCLOHEXANE, ACETYL",13612,"['932-66-1', '88449-93-8']",475.15,CRC_ORG,Warning
NC1CCCCC1,"CYCLOHEXANE, AMINO",7965,"['108-91-8', '157973-60-9', '12-00-0', '108-91-8', '108-91-8']",406.75,CRC_ORG,Danger
BrC1CCCCC1,"CYCLOHEXANE, BROMO",7960,['108-85-0'],439.05,CRC_ORG,Warning
CCCCC1CCCCC1,"CYCLOHEXANE, BUTYL",15506,"['1678-93-9', '69-67-0']",454.05,CRC_ORG,Warning
ClC1CCCCC1,"CYCLOHEXANE, CHLORO",10952,"['542-18-7', '05-00-0']",415.75,CRC_ORG,Warning
N#CC1CCCCC1,"CYCLOHEXANE, CYANO",69834,['766-05-2'],461.15,CRC_ORG,Danger
CCCCCCCCCCC1CCCCC1,"CYCLOHEXANE, DECYL",15713,['1795-16-0'],571.15,CRC_ORG,
CC1CCCCC1,"CYCLOHEXANE, METHYL",7962,"['108-87-2', '108-87-2']",374.05,CRC_ORG,Danger
O=[N+]([O-])C1CCCCC1,"CYCLOHEXANE, NITRO",14285,"['1122-60-7', '05-00-0']",478.15,CRC_ORG,Danger
CCCCCCCCCCCCCCCCCCC1CCCCC1,"CYCLOHEXANE, OCTADECYL",20514,['4445-06-1'],682.15,CRC_ORG,
CCCCCCCCCCCCCCC1CCCCC1,"CYCLOHEXANE, TETRADECYL",15715,['1795-18-2'],631.15,CRC_ORG,Danger
COC(=O)C1CCCCC1,"CYCLOHEXANECARBOXYLIC ACID, METHYL ESTER",20748,"['4630-82-4', '09-00-0']",456.15,CRC_ORG,Warning
C1CCCCC1,CYCLOHEXANE,8078,"['110-82-7', '12217-02-6', '68512-15-2', '68411-76-7', '110-82-7']",353.85,CRC_ORG,Danger
OC1CCCCC1,CYCLOHEXANOL,7966,"['108-93-0', '06-00-0', '108-93-0']",434.05,CRC_ORG,Warning
O=C1CCCCC1,CYCLOHEXANONE,7967,"['108-94-1', '9003-41-2', '108-94-1', '9075-99-4']",428.55,CRC_ORG,Danger
C[Si]1(C)O[Si](C)(C)O[Si](C)(C)O[Si](C)(C)O[Si](C)(C)O[Si](C)(C)O1,"CYCLOHEXASILOXANE, DODECAMETHYL",10911,['540-97-6'],518.15,CRC_ORG,Warning
O=[N+]([O-])C1CC=CCC1,"CYCLOHEXENE, 4-NITRO",12452776,['4883-68-5'],507.43,JOBACK,
C1=CCCCC1,CYCLOHEXENE,8079,"['110-83-8', '25012-94-6', '05-00-0']",356.05,CRC_ORG,Danger
C1CCCCCCC1,CYCLOOCTANE,9266,['292-64-8'],424.25,CRC_ORG,Danger
CC1CCCC1c1ccccc1,"CYCLOPENTANE, 1-METHYL, 2-PHENYL",12600454,"['4809-94-3', '20079-03-2']",511.45,JOBACK,
CCC1CCCC1,"CYCLOPENTANE, ETHYL",15431,"['1640-89-7', '05-00-0']",376.65,CRC_ORG,Danger
CCCCCCC1CCCC1,"CYCLOPENTANE, HEXYL",138257,['4457-00-5'],479.15,CRC_ORG,
CC(C)C1CCCC1,"CYCLOPENTANE, ISOPROPYL",19751,['3875-51-2'],399.55,CRC_ORG,Danger
CC1CCCC1,"CYCLOPENTANE, METHYL",7296,"['96-37-7', '05-00-0', '96-37-7', '5310-57-6']",344.95,CRC_ORG,Danger
C1CCCC1,CYCLOPENTANE,9253,"['287-92-3', '68476-56-2', '287-92-3']",322.35,CRC_ORG,Danger
OC1CCCC1,CYCLOPENTANOL,7298,"['96-41-3', '96-41-3']",413.55,CRC_ORG,Warning
O=C1CCCC1,CYCLOPENTANONE,8452,"['120-92-3', '120-92-3']",403.65,CRC_ORG,Warning
CC1C=CCC1,"CYCLOPENTENE, 3-METHYL",14263,['1120-62-3'],338.15,CRC_ORG,Danger
C[Si]1(C)O[Si](C)(C)O[Si](C)(C)O[Si](C)(C)O1,"CYCLOTETRASILOXANE, OCTAMETHYL",11169,"['556-67-2', '556-67-2']",448.55,CRC_ORG,Warning
C1CC[C@H]2CCCC[C@H]2C1,DECALIN(CIS),7044,"['91-17-8', '493-01-6', '493-02-7', '05-00-0', '91-17-8']",463.20194,WEBBOOK,Danger
C1CC[C@H]2CCCC[C@@H]2C1,DECALIN(TRANS),7044,"['91-17-8', '493-01-6', '493-02-7', '05-00-0', '91-17-8']",463.20194,WEBBOOK,Danger
CCCCCCCCCCc1ccccc1,"DECANE, 1-PHENYL",7716,"['104-72-3', '104-72-3']",571.15,CRC_ORG,Warning
CCCCC(CC)COC(=O)CCCCCCCCC(=O)OCC(CC)CCCC,"DECANEDIOIC ACID, DI(2-ETHYLHEXYL) ESTER",31218,"['122-62-3', '29590-28-1', '02-00-0', '122-62-3']",521.15,YAWS,
CCCCOC(=O)CCCCCCCCC(=O)OCCCC,"DECANEDIOIC ACID, DIBUTYL ESTER",7986,"['109-43-3', '109-43-3', '02-00-0']",629.15,CRC_ORG,Warning
CCCCCCOC(=O)CCCCCCCCC(=O)OCCCCCC,"DECANEDIOIC ACID, DIHEXYL ESTER",75558,['2449-10-7'],819.4,JOBACK,
CCCCCCCCCOC(=O)CCCCCCCCC(=O)OCCCCCCCCC,"DECANEDIOIC ACID, DINONYL ESTER",20075,['4121-16-8'],956.68,JOBACK,
O=C(O)CCCCCCCCC(=O)O,DECANEDIOIC ACID,5192,"['111-20-6', '26776-29-4', '02-00-0', '111-20-6']",647.15,CRC_ORG,
CCCCCCCCCC,DECANE,15600,"['124-18-5', '73138-29-1', '124-18-5', '01-00-0', '63335-87-5', '116372-01-1']",447.25,CRC_ORG,Danger
CCCCCCCCCC(CCCCCCCC(=O)OC)C(F)(F)C(F)(F)C(F)(F)C(F)(F)C(F)(F)C(F)(F)C(F)(F)C(F)(F)F,"DECANOIC ACID, 10(9)-PERFLUOROOCTYL, METHYL ESTER",15142399,[],836.89,JOBACK,
c1ccc2c(c1)oc1ccccc12,DIBENZOFURAN,568,"['132-64-9', '132-64-9']",558.35,CRC_ORG,Warning
N#CCCOCCOc1ccc(Cl)cc1Cl,DICHLOROPHENOXY-BETA-CYANOETHYL ETHER,,[''],709.7,JOBACK,
CCCCOCCOCCOCCCC,"DIETHYLENE GLYCOL, DIBUTYL ETHER",8210,"['112-73-2', '112-73-2', '11-15-1', '10-14-8']",528.15,CRC_ORG,
CCOCCOCCOCC,"DIETHYLENE GLYCOL, DIETHYL ETHER",8179,"['112-36-7', '112-36-7']",458.15,CRC_ORG,Warning
OCCOCCO,DIETHYLENE GLYCOL,8117,"['111-46-6', '01-00-0', '105400-04-2', '149626-00-6', '111-46-6', '162662-01-3', '31290-76-3', '9002-90-8']",518.65,CRC_ORG,Warning
C1COOC1,DIOXOLANE,138198,['4362-13-4'],342.09,JOBACK,
CCCCCCCCCCCCCCCCCCCCCC,DOCOSANE,12405,"['629-97-0', '11-13-1', '17-19-2', '22-20-1', '16-14-1']",642.15,CRC_ORG,Warning
CCCCCCCCCCCC(=O)N(CC)CC,"DODECANAMIDE, N,N-DIETHYL",18783,"['3352-87-2', '04-00-0', '3352-87-2', '10-11-1', '13-14-1']",631.99,JOBACK,Warning
NCCCCCCCCCCCCN,"DODECANE, 1,12-DIAMINO",17727,"['2783-17-7', '04-00-0']",572.15,CRC_ORG,Danger
CCCCCCCCCCCCc1ccccc1,"DODECANE, 1-PHENYL",31237,"['123-01-3', '25265-78-5', '29986-57-0', '68442-69-3', '123-01-3', '05-00-0']",602.15,CRC_ORG,Warning
N#CCCCCCCCCCCC#N,"DODECANEDIOIC ACID, DINITRILE",78301,"['4543-66-2', '02-00-0']",678.32,JOBACK,Warning
CCCCCCCCCCCC,DODECANE,8182,"['112-40-3', '93685-81-5', '01-00-0', '93924-07-3', '129813-67-8', '112-40-3', '11-12-1']",489.45,CRC_ORG,Danger
CCCCCCCCCCCCCCCCCCC(CCCCCCCCCCCCCCCCCC)CCCCC(CCCCCCCCCCCCCCCCCC)CCCCCCCCCCCCCCCCCC,"DOTETRACONTANE, 19,24-DIOCTADECYL",12546217,['72942-95-1'],1983.36,JOBACK,
CCCCCCCCCCCCCCCCCCCCCCCCCCCCCCCC,DOTRIACONTANE,11008,"['544-85-4', '01-00-0']",743.15,CRC_ORG,
CCCCCCCCCCCCCCCCCCCC,EICOSANE,8222,"['112-95-8', '11-13-1', '17-19-2', '18-16-1', '12-10-8']",617.25,CRC_ORG,Danger
CC[Te]CC,"ETHANE, 1,1'-TELLUROBIS",69394,['627-54-3'],410.65,CRC_ORG,Danger
FCC(F)(F)F,"ETHANE, 1,1,1,2-TETRAFLUORO",13129,"['811-97-2', '29759-38-4']",247.05,CRC_ORG,Warning
CC(Cl)(Cl)Cl,"ETHANE, 1,1,1-TRICHLORO",6278,"['71-55-6', '25323-89-1', '90229-85-9', '01-00-0', '71-55-6']",347.17,CRC_ORG,Danger
BrC(Br)C(Br)Br,"ETHANE, 1,1,2,2-TETRABROMO",6588,"['79-27-6', '79-27-6']",521.15,CRC_ORG,Danger
ClC(Cl)C(Cl)Cl,"ETHANE, 1,1,2,2-TETRACHLORO",6591,"['79-34-5', '01-00-0', '79-34-5']",419.15,CRC_ORG,Danger
FC(F)(Cl)C(F)(Cl)Cl,"ETHANE, 1,1,2-TRICHLORO, 1,2,2-TRIFLUORO",6428,"['76-13-1', '76-13-1']",320.75,CRC_ORG,Warning
ClCC(Cl)Cl,"ETHANE, 1,1,2-TRICHLORO",6574,"['79-00-5', '01-00-0', '79-00-5']",386.15,CRC_ORG,Danger
CC(Cl)Cl,"ETHANE, 1,1-DICHLORO",6365,"['75-34-3', '1300-21-6', '75-34-3']",329.45,CRC_ORG,Danger
CCOC(C)OCC,"ETHANE, 1,1-DIETHOXY",7765,"['105-57-7', '30846-29-8', '105-57-7']",375.15,CRC_ORG,Danger
CC(F)F,"ETHANE, 1,1-DIFLUORO",6368,"['75-37-6', '25497-28-3']",249.13,CRC_ORG,Danger
CC(c1ccccc1)c1ccccc1,"ETHANE, 1,1-DIPHENYL",11918,"['612-00-0', '38888-98-1', '14-10-6']",558.95,CRC_ORG,Danger
N#CCCNCCNCCC#N,"ETHANE, 1,2-DIAMINO-BIS-(DI-2-CYANOETHYL) ETHER",76685,['3217-00-3'],687.14,JOBACK,
NCCN,"ETHANE, 1,2-DIAMINO",3301,"['107-15-3', '04-00-0', '107-15-3', '27308-78-7', '624-59-9', '333-18-6', '5700-49-2']",390.05,CRC_ORG,Danger
BrCCBr,"ETHANE, 1,2-DIBROMO",7839,"['106-93-4', '106-93-4', '01-00-0']",404.45,CRC_ORG,Danger
ClCCCl,"ETHANE, 1,2-DICHLORO",11,"['107-06-2', '52399-93-6', '107-06-2']",356.55,CRC_ORG,Danger
COCCOC,"ETHANE, 1,2-DIMETHOXY",8071,"['110-71-4', '24991-55-7', '01-00-0', '110-71-4']",358.15,CRC_ORG,Danger
c1ccc(CCc2ccccc2)cc1,"ETHANE, 1,2-DIPHENYL",7647,"['103-29-7', '103-29-7', '11-12-1']",553.15,CRC_ORG,
FC(F)(F)C(Cl)Br,"ETHANE, 1-BROMO, 1-CHLORO, 2,2,2-TRIFLUORO",3562,"['151-67-7', '151-67-7', '51230-18-3']",323.15,CRC_ORG,Danger
FC(Cl)C(F)(F)Br,"ETHANE, 1-BROMO, 2-CHLORO, 1,1,2-TRIFLUORO",9628,['354-06-3'],325.55,CRC_ORG,Warning
CCBr,"ETHANE, BROMO",6332,"['74-96-4', '74-96-4']",311.35,CRC_ORG,Danger
CCCl,"ETHANE, CHLORO",6337,"['75-00-3', '68411-72-3', '25052-55-5']",285.45,CRC_ORG,Danger
CC[N+](=O)[O-],"ETHANE, NITRO",6587,"['79-24-3', '79-24-3']",387.25,CRC_ORG,Danger
OCC(F)(F)F,"ETHANOL, 2,2,2-TRIFLUORO",6409,"['75-89-8', '01-00-0', '75-89-8']",346.95,CRC_ORG,Danger
NCCO,"ETHANOL, 2-AMINO",700,"['141-43-5', '12220-07-4', '12220-09-6', '141-43-5']",443.45,CRC_ORG,Danger
OCCCl,"ETHANOL, 2-CHLORO",34,"['107-07-3', '59826-67-4', '01-00-0', '107-07-3']",399.15,CRC_ORG,Danger
OCCS,"ETHANOL, 2-MERCAPTO",1567,"['60-24-2', '155613-89-1', '01-00-0']",423.15,CRC_ORG,Danger
COCCO,"ETHANOL, 2-METHOXY",8019,"['109-86-4', '138667-25-1', '32718-54-0', '01-00-0', '109-86-4']",397.45,CRC_ORG,Danger
O=[N+]([O-])CCO,"ETHANOL, 2-NITRO",12252,"['625-48-9', '01-00-0', '625-48-9']",468.15,CRC_ORG,Warning
OCCc1ccccc1,"ETHANOL, 2-PHENYL",6054,"['60-12-8', '1321-27-3', '06-00-0', '60-12-8', '60-12-8', '19601-20-8']",493.15,CRC_ORG,Warning
CCO,ETHANOL,702,"['64-17-5', '68475-56-9', '42845-45-4', '64-17-5', '8000-16-6']",351.39,CRC_ORG,Danger
CC(=O)c1cccc2ccccc12,"ETHANONE, 1-(1-NAPHTHALENYL)",13663,"['941-98-0', '07-00-0']",570.15,CRC_ORG,Warning
C=C(Cl)Cl,"ETHENE, 1,1-DICHLORO",6366,"['75-35-4', '9002-85-1', '75-35-4']",304.75,CRC_ORG,Danger
Cl/C=C\Cl,"ETHENE, 1,2-DICHLORO(CIS)",643833,"['156-59-2', '01-00-0', '156-59-2']",333.15,CRC_ORG,Danger
Cl/C=C/Cl,"ETHENE, 1,2-DICHLORO(TRANS)",638186,"['156-60-5', '156-60-5', '15075-90-8', '01-00-0', '540-59-0']",320.79,CRC_ORG,Danger
C=CBr,"ETHENE, BROMO",11641,"['593-60-2', '25951-54-6', '01-00-0']",289.15,CRC_ORG,Danger
ClC(Cl)=C(Cl)Cl,"ETHENE, TETRACHLORO",31373,"['127-18-4', '25135-99-3', '01-00-0', '127-18-4', '001-01-2']",394.35,CRC_ORG,Warning
ClC=C(Cl)Cl,"ETHENE, TRICHLORO",6575,"['79-01-6', '01-00-0', '123919-09-5', '79-01-6', '001-01-0']",359.95,CRC_ORG,Danger
Fc1c(F)c(F)c(Oc2c(F)c(F)c(F)c(F)c2F)c(F)c1F,"ETHER, BIS(PENTAFLUOROPHENYL)",631653,['1800-30-2'],592.44,JOBACK,Warning
Fc1c(F)c(C(F)(F)F)c(F)c(F)c1Oc1c(F)c(F)c(C(F)(F)F)c(F)c1F,"ETHER, BIS[2,3,5,6-TETRAFLUORO-4-(TRIFLUOROMETHYL)]",22288044,[],628.82,JOBACK,
c1ccc(COCc2ccccc2)cc1,"ETHER, DIBENZYL",7657,"['103-50-4', '06-00-0', '103-50-4', '11-15-1']",571.15,CRC_ORG,Warning
CCCCOCCCC,"ETHER, DIBUTYL",8909,"['142-96-1', '01-00-0', '142-96-1']",414.75,CRC_ORG,Warning
CCOCC,"ETHER, DIETHYL",3283,"['60-29-7', '667919-88-2', '69013-19-0', '69227-20-9', '70131-58-7', '71011-10-4', '68890-94-8', '68890-95-9']",307.55,CRC_ORG,Danger
CC(C)OC(C)C,"ETHER, DIISOPROPYL",7914,"['108-20-3', '108-20-3']",341.55,CRC_ORG,Danger
COC,"ETHER, DIMETHYL",8254,"['115-10-6', '157621-61-9']",248.35,CRC_ORG,Danger
CCCCCCCCOCCCCCCCC,"ETHER, DIOCTYL",12399,"['629-82-3', '01-00-0']",562.15,CRC_ORG,
c1ccc(Oc2ccccc2)cc1,"ETHER, DIPHENYL",7583,"['101-84-8', '06-00-0', '32576-61-7', '101-84-8', '93952-05-7', '13-12-9']",531.15,CRC_ORG,Warning
CCCOCCC,"ETHER, DIPROPYL",8114,"['111-43-3', '111-43-3']",363.25,CRC_ORG,Danger
CCC(C)(C)OC,"ETHER, METHYL TERT.PENTYL",61247,"['994-05-8', '994-05-8']",359.55,CRC_ORG,Danger
CCOC(C)(C)C,"ETHER, TERT. BUTYL ETHYL",12512,"['637-92-3', '637-92-3']",345.85,CRC_ORG,Danger
COCCN,"ETHYLAMINE, 2-METHOXY",8018,"['109-85-3', '04-00-0']",368.15,CRC_ORG,Danger
C(#Cc1ccccc1)c1ccccc1,"ETHYNE, DIPHENYL",10390,"['501-65-5', '11-12-1', '25989-14-4']",573.15,CRC_ORG,Warning
c1ccc2c(c1)Cc1ccccc1-2,FLUORENE,6853,"['86-73-7', '86-73-7', '95270-88-5']",567.15,CRC_ORG,Warning
CCCCN(C=O)CCCC,"FORMIC ACID, AMIDE, N,N-DIBUTYL",12975,"['761-65-9', '04-00-0']",466.62,JOBACK,Danger
CCN(C=O)CC,"FORMIC ACID, AMIDE, N,N-DIETHYL",12051,"['617-84-5', '617-84-5']",448.15,CRC_ORG,Warning
CN(C)C=O,"FORMIC ACID, AMIDE, N,N-DIMETHYL",6228,"['68-12-2', '68-12-2']",425.95,CRC_ORG,Danger
O=CN(c1ccccc1)c1ccccc1,"FORMIC ACID, AMIDE, N,N-DIPHENYL",69081,"['607-00-1', '15-11-1']",610.65,CRC_ORG,
CCNC=O,"FORMIC ACID, AMIDE, N-ETHYL",12319,['627-45-2'],471.15,CRC_ORG,Warning
CC(C)NC=O,"FORMIC ACID, AMIDE, N-ISOPROPYL",268118,['16741-46-1'],389.51,JOBACK,Warning
CNC=O,"FORMIC ACID, AMIDE, N-METHYL",31254,"['123-39-7', '04-00-0']",459.15,CRC_ORG,Danger
NC=O,"FORMIC ACID, AMIDE",713,"['75-12-7', '60100-09-6', '75-12-7']",490.15,CRC_ORG,Danger
CCOC=O,"FORMIC ACID, ETHYL ESTER",8025,['109-94-4'],327.24,CRC_ORG,Danger
CCOC(=O)/C=C/C(=O)OCC,"FUMARIC ACID, DIETHYL ESTER",638144,"['623-91-6', '02-00-0', '623-91-6', '26298-06-6']",487.15,CRC_ORG,Warning
N#C/C=C/C#N,"FUMARIC ACID, NITRILE",637930,"['764-42-1', '17656-09-6', '764-42-1']",459.15,CRC_ORG,Danger
NCc1ccco1,"FURAN, 2(AMINOMETHYL)",3438,"['617-89-0', '18-09-0', '617-89-0']",418.65,CRC_ORG,Danger
COc1ccco1,"FURAN, 2-METHOXY",117476,['25414-22-6'],383.65,CRC_ORG,Danger
Cc1occc1[N+](=O)[O-],"FURAN, 2-METHYL, 3-NITRO",57641367,[],521.02,JOBACK,
Cc1ccc([N+](=O)[O-])o1,"FURAN, 2-METHYL, 5-NITRO",13206,['823-74-5'],377.15,COMMON_CHEMISTRY,
O=[N+]([O-])c1ccco1,"FURAN, 2-NITRO",11865,"['609-39-2', '27194-24-7', '17-01-0']",407.15,COMMON_CHEMISTRY,Danger
N#CC1CCCO1,"FURAN, TETRAHYDRO, 2-CYANO",4377949,['14631-43-7'],458.31,JOBACK,Danger
C1CCOC1,"FURAN, TETRAHYDRO",8028,"['109-99-9', '24979-97-3', '109-99-9']",339.15,CRC_ORG,Danger
Cc1nonc1C,"FURAZAN, 3,4-DIMETHYL",138397,['4975-21-7'],429.15,YAWS,Warning
Cc1ccc(C=O)o1,"FURFURAL, 5-METHYL",12097,"['620-02-0', '17-09-0']",459.15,CRC_ORG,Warning
O=Cc1ccc([N+](=O)[O-])o1,"FURFURAL, 5-NITRO",12774,"['698-63-5', '17-09-0']",569.68,JOBACK,Danger
O=CC1CCCO1,"FURFURAL, TETRAHYDRO",24354,"['7681-84-7', '17-09-0']",415.15,COMMON_CHEMISTRY,Warning
O=Cc1ccco1,FURFURAL,7362,"['98-01-1', '17-09-0', '98-01-1']",434.65,CRC_ORG,Danger
OCC(O)CO,GLYCEROL,753,"['56-81-5', '25618-55-7', '101662-08-2', '144086-03-3', '8013-25-0', '107283-02-3', '153050-05-6', '56-81-5', '11003-00-2', '01-00-0', '001-02-6', '26403-55-4']",562.15,CRC_ORG,
CCCCCCCCCCC(=O)Oc1ccc(N=Nc2ccc(OCC)cc2)cc1,"HENDECANOIC ACID, 4(4'-ETHOXYPHENYLAZO) PHENYL",92037427,[],1064.76,JOBACK,
CCCCCCCCCCCCCCCCCCCCC,HENEICOSANE,12403,['629-94-7'],632.15,CRC_ORG,
CCCCCCCCCCCCCCCCC,HEPTADECANE,12398,"['629-78-7', '01-00-0', '629-78-7', '11-13-1', '17-16-1', '12-10-8']",576.15,CRC_ORG,Danger
CCCCCCCCCCCCCCCCC#N,"HEPTADECANOIC ACID, NITRILE",79388,"['5399-02-0', '68002-65-3']",622.15,CRC_ORG,Warning
CC(C)CCCC(C)C,"HEPTANE, 2,6-DIMETHYL",14069,['1072-05-5'],408.15,CRC_ORG,
FC(F)(F)C(F)(F)C(F)(F)C(F)(F)C(F)(F)C(F)(F)C(F)(F)F,"HEPTANE, PERFLUORO",9553,"['335-57-9', '01-00-0']",355.65,CRC_ORG,Warning
N#CCCCCCC#N,"HEPTANEDIOIC ACID, DINITRILE",12590,['646-20-8'],428.15,COMMON_CHEMISTRY,Danger
CCCCCCCCOC(=O)CCCCCC(=O)OCCCCCCCC,"HEPTANEDIOIC ACID, DIOCTYL ESTER",14718583,[],842.28,JOBACK,
O=C(O)CCCCCC(=O)O,HEPTANEDIOIC ACID,385,"['111-16-0', '02-00-0', '111-16-0']",615.15,CRC_ORG,Warning
CCCCCCC,HEPTANE,8900,"['142-82-5', '142-82-5']",371.53,CRC_ORG,Danger
CCCCCCC#N,"HEPTANOIC ACID, NITRILE",12372,"['629-08-3', '629-08-3']",456.15,CRC_ORG,Warning
CCCCCCCCCCCCCCCCN,"HEXADECANE, 1-AMINO",8926,"['143-27-1', '68037-95-6', '143-27-1', '10-11-1', '13-14-1']",594.15,CRC_ORG,Danger
CCCCCCCCCCCCCCCCBr,"HEXADECANE, 1-BROMO",8213,"['112-82-3', '112-82-3']",609.15,CRC_ORG,Warning
CCCCCCCCCCCCCCCCCl,"HEXADECANE, 1-CHLORO",20993,"['4860-03-1', '4860-03-1']",599.15,CRC_ORG,Warning
CCCCCCCCCCCCCCCCI,"HEXADECANE, 1-IODO",11007,"['544-77-4', '40474-98-4', '544-77-4']",630.15,CRC_ORG,Warning
CCCCCCCCCCCCCCCC,HEXADECANE,11006,"['544-76-3', '01-00-0', '544-76-3', '11-13-1', '16-14-1']",560.05,CRC_ORG,Danger
CCCCCCCCCCCCCCCC(=O)OCC(COC(=O)CCCCCCCCCCCCCCC)OC(=O)CCCCCCCCCCCCCCC,"HEXADECANOIC ACID, 1,2,3-PROPANETRIYL ESTER",11147,"['555-44-2', '02-00-0', '555-44-2']",897.15,CRC_ORG,
CCCCCCCCCCCCCCCC(=O)O,HEXADECANOIC ACID,985,"['57-10-3', '67701-02-4', '02-00-0', '16-98-1', '1219802-61-5', '57-10-3']",624.15,CRC_ORG,Warning
O=C1CCCCCO1,"HEXAMETHYLENE OXIDE, 2-OXO",10401,"['502-44-3', '24980-41-4', '17-09-0', '1219802-08-0', '25248-42-4', '502-44-3']",488.15,CRC_ORG,Warning
CCCCCCCl,"HEXANE, 1-CHLORO",10992,"['544-10-5', '70776-07-7']",408.15,CRC_ORG,Warning
CC(C)CCC(C)(C)C,"HEXANE, 2,2,5-TRIMETHYL",19041,"['3522-94-9', '01-00-0']",397.15,CRC_ORG,Danger
CCC(C)CC(C)C,"HEXANE, 2,4-DIMETHYL",11511,"['589-43-5', '90622-56-3', '116502-44-4']",382.55,CRC_ORG,Danger
CCCCC(C)C,"HEXANE, 2-METHYL",11582,"['591-76-4', '31394-54-4']",363.15,CRC_ORG,Danger
CCCC(C)CC,"HEXANE, 3-METHYL",11507,"['589-34-4', '70024-92-9', '589-34-4']",365,WEBBOOK,Danger
FC(F)(F)C(F)(F)C(F)(F)C(F)(F)C(F)(F)C(F)(F)F,"HEXANE, PERFLUORO",9639,"['355-42-0', '355-42-0']",330.35,CRC_ORG,Warning
CCCCC(CC)COC(=O)CCCCC(=O)OCC(CC)CCCC,"HEXANEDIOIC ACID, DI(2-ETHYLHEXYL) ESTER",7641,"['103-23-1', '2072051-04-6', '103-23-1', '70147-21-6', '17-25-2', '15-11-1', '26-18-2', '14-10-6']",690.15,YAWS,
CCCCOC(=O)CCCCC(=O)OCCCC,"HEXANEDIOIC ACID, DIBUTYL ESTER",7784,"['105-99-7', '105-99-7']",578.2,WEBBOOK,
CCCCCCOC(=O)CCCCC(=O)OCCCCCC,"HEXANEDIOIC ACID, DIHEXYL ESTER",8046,"['110-33-8', '110-33-8']",617.15,CRC_ORG,
N#CCCCCC#N,"HEXANEDIOIC ACID, DINITRILE",8128,"['111-69-3', '68411-90-5', '111-69-3', '02-00-0']",568.15,CRC_ORG,Danger
CCCCCCCCOC(=O)CCCCC(=O)OCCCCCCCC,"HEXANEDIOIC ACID, DIOCTYL ESTER",31271,['123-79-5'],487.15,COMMON_CHEMISTRY,Warning
CCCCCC,HEXANE,8058,"['110-54-3', '92112-69-1', '68476-44-8', '110-54-3', '478799-92-7', '50981-41-4']",341.87,CRC_ORG,Danger
CCCCC(CC)C(=O)N(CCCC)CCCC,"HEXANOIC ACID, 2-ETHYL, AMIDE, N,N-DIBUTYL",5080177,[],631.55,JOBACK,
CC(=O)CCCC#N,"HEXANOIC ACID, 5-OXO, NITRILE",82611,['10412-98-3'],492.83,JOBACK,Warning
O=C1CCCCCN1,"HEXANOIC ACID, 6-AMINO, CYCLIC LACTAM",7768,"['105-60-2', '21-06-0', '105-60-2', '9012-16-2']",543.95,CRC_ORG,Warning
CCN1CCCCCC1=O,"HEXANOIC ACID, 6-AMINO, LACTAM, N-ETHYL",29779,"['19797-08-1', '21-06-0']",487.12,JOBACK,Danger
CN1CCCCCC1=O,"HEXANOIC ACID, 6-AMINO, LACTAM, N-METHYL",17369,"['2556-73-2', '21-06-0']",464.24,JOBACK,Warning
CCCCCC#N,"HEXANOIC ACID, NITRILE",12352,"['628-73-9', '68002-67-5', '1219805-03-4', '02-00-0']",436.65,CRC_ORG,Warning
CCCCCCCCCCCCCCCCCCCCCCCCCCCCCCCCCCCC,HEXATRIACONTANE,12412,['630-06-8'],777.15,CRC_ORG,
C1=Cc2ccccc2C1,INDENE,7219,"['95-13-6', '9003-64-9', '95-13-6', '71551-80-9']",455.65,CRC_ORG,Danger
CCCCN=C=O,"ISOCYANIC ACID, BUTYL ESTER",8110,"['111-36-4', '25067-04-3', '111-36-4']",398.15,CRC_ORG,Danger
O=C=NCCCCCCN=C=O,"ISOCYANIC ACID, HEXAMETHYLENE ESTER",13192,"['822-06-0', '53895-37-7', '822-06-0']",400.15,COMMON_CHEMISTRY,Danger
c1ccc2cnccc2c1,ISOQUINOLINE,8405,"['119-65-3', '2241982-85-2', '119-65-3']",516.35,CRC_ORG,Danger
Cc1cc(C)on1,"ISOXAZOLE, 3,5-DIMETHYL",9312,"['300-87-8', '27-00-0']",415.15,CRC_ORG,Warning
Cc1oncc1[N+](=O)[O-],"ISOXAZOLE, 5-METHYL, 4-NITRO",12825780,['1122-06-1'],551.84,JOBACK,
Cc1ccno1,"ISOXAZOLE, 5-METHYL",79833,['5765-44-6'],396.15,CRC_ORG,Warning
CCCCOC(=O)/C=C\C(=O)OCCCC,"MALEIC ACID, DIBUTYL ESTER",5271569,"['105-76-0', '105-76-0', '29014-72-0']",553.15,CRC_ORG,Warning
CCOC(=O)/C=C\C(=O)OCC,"MALEIC ACID, DIETHYL ESTER",5271566,"['141-05-9', '68988-24-9', '141-05-9', '02-00-0']",495.15,CRC_ORG,Warning
COC(=O)/C=C\C(=O)OC,"MALEIC ACID, DIMETHYL ESTER",5271565,"['624-48-6', '624-48-6', '02-00-0']",475.15,CRC_ORG,Danger
N#C/C=C\C#N,"MALEIC ACID, DINITRILE",643777,['928-53-0'],499.44,JOBACK,
CCCCCCCCCCOC(=O)CC(=O)OCCCCCCCCCC,"MALONIC ACID, DIDECYL ESTER",524368,['20602-34-0'],842.28,JOBACK,
CCOC(=O)CC(=O)OCC,"MALONIC ACID, DIETHYL ESTER",7761,"['105-53-3', '105-53-3']",473.15,CRC_ORG,Warning
COC(=O)CC(=O)OC,"MALONIC ACID, DIMETHYL ESTER",7943,"['108-59-8', '108-59-8', '75238-25-4']",454.25,CRC_ORG,Warning
N#CCC#N,"MALONIC ACID, DINITRILE",8010,"['109-77-3', '02-00-0', '109-77-3']",492.15,CRC_ORG,Danger
COC(=O)CC#N,"MALONIC ACID, MONOMETHYL ESTER, MONONITRILE",7747,"['105-34-0', '105-34-0']",476.15,CRC_ORG,Warning
ClCCl,"METHANE, DICHLORO",6344,"['75-09-2', '01-00-0', '75-09-2']",312.95,CRC_ORG,Warning
CCOCOCC,"METHANE, DIETHOXY",10024,"['462-95-3', '01-00-0', '462-95-3']",359.15,CRC_ORG,Danger
ICI,"METHANE, DIIODO",6346,['75-11-6'],455.15,CRC_ORG,Danger
c1ccc(Cc2ccccc2)cc1,"METHANE, DIPHENYL",7580,"['101-81-5', '101-81-5', '11-13-9']",537.35,CRC_ORG,Warning
CI,"METHANE, IODO",6328,['74-88-4'],315.55,CRC_ORG,Danger
C[N+](=O)[O-],"METHANE, NITRO",6375,"['75-52-5', '23717-53-5', '75-52-5']",374.34,CRC_ORG,Warning
BrC(Br)(Br)Br,"METHANE, TETRABROMO",11205,"['558-13-4', '01-00-0']",462.65,CRC_ORG,Danger
ClC(Cl)(Cl)Cl,"METHANE, TETRACHLORO",5943,"['56-23-5', '56-23-5', '001-01-1']",349.85,CRC_ORG,Danger
BrC(Br)Br,"METHANE, TRIBROMO",5558,"['75-25-2', '4471-18-5', '01-00-0', '75-25-2']",422.35,CRC_ORG,Danger
ClC(Cl)Cl,"METHANE, TRICHLORO",6212,"['67-66-3', '01-00-0', '67-66-3', '001-01-8']",334.35,CRC_ORG,Danger
CN(C)CN(C)C,"METHANEDIAMINE, N,N,N',N'-TETRAMETHYL",5829,"['51-80-9', '102830-06-8']",356.65,CRC_ORG,Danger
CC(=O)OCOC(C)=O,"METHANEDIOL, DIACETATE",12345,"['628-51-3', '02-00-0']",443.15,COMMON_CHEMISTRY,Warning
CNS(C)(=O)=O,"METHANESULFONIC ACID, AMIDE, N-METHYL",97632,"['1184-85-6', '04-00-0']",254.15,YAWS,Warning
OCc1ccco1,"METHANOL, (2-FURYL)",7361,"['98-00-0', '25212-86-6', '17-03-0', '98-00-0', '93793-62-5']",441.15,CRC_ORG,Danger
O=[N+]([O-])c1ccc(CO)o1,"METHANOL, (2-FURYL, 5-NITRO)",17230,"['2493-04-1', '17-03-0']",613.2,JOBACK,Warning
OCC1CCCO1,"METHANOL, (2-TETRAHYDROFURYL)",7360,"['97-99-4', '93842-55-8', '97-99-4']",449.45,CRC_ORG,Warning
CO,METHANOL,887,"['67-56-1', '170082-17-4', '67-56-1']",337.65,CRC_ORG,Danger
N#CN1CCOCC1,"MORPHOLINE, 4-CYANO",73738,['1530-89-8'],475.42,JOBACK,Warning
CN1CCOC(=O)C1,"MORPHOLINE, 4-METHYL, 2-OXO",519559,['18424-96-9'],396.07,JOBACK,
O=NN1CCOCC1,"MORPHOLINE, 4-NITROSO",6046,"['59-89-2', '59-89-2', '67587-56-8']",498.15,CRC_ORG,Danger
CC(=O)N1CCOCC1,"MORPHOLINE, N-ACETYL",15543,['1696-20-4'],450.09,JOBACK,Warning
C1COCCN1,MORPHOLINE,8083,"['110-91-8', '138048-80-3', '27-00-0', '110-91-8', '61791-40-0']",401.35,CRC_ORG,Danger
CN1CCOCC1=O,"MORPHOLINONE, 4-METHYL, 3-OXO",11007867,['20721-78-2'],441.16,JOBACK,
CN(C)c1cccc2ccccc12,"NAPHTHALENE, 1(DIMETHYLAMINO)",6848,"['86-56-6', '28109-57-1']",523.15,CRC_ORG,Warning
Cc1ccc2ccccc2c1C,"NAPHTHALENE, 1,2-DIMETHYL",11317,"['573-98-8', '28804-88-8']",540.15,CRC_ORG,
Cc1ccc(C)c2ccccc12,"NAPHTHALENE, 1,4-DIMETHYL",11304,"['571-58-4', '571-58-4']",537.15,CRC_ORG,Danger
Nc1cccc2ccccc12,"NAPHTHALENE, 1-AMINO",8640,"['134-32-7', '25168-10-9', '134-32-7', '12-00-0', '11-10-7']",573.85,CRC_ORG,Danger
Brc1cccc2ccccc12,"NAPHTHALENE, 1-BROMO",7001,"['90-11-9', '27497-51-4', '11-10-7']",553.15,CRC_ORG,Warning
Clc1cccc2ccccc12,"NAPHTHALENE, 1-CHLORO",7003,"['90-13-1', '25586-43-0', '90-13-1', '11-10-7']",532.15,CRC_ORG,Warning
CCCCCCc1cccc2ccccc12,"NAPHTHALENE, 1-HEXYL",169780,"['2876-53-1', '36511-73-6']",595.15,CRC_ORG,
Oc1cccc2ccccc12,"NAPHTHALENE, 1-HYDROXY",7005,"['90-15-3', '1321-67-1', '90-15-3', '11-10-7', '50356-21-3']",561.15,CRC_ORG,Danger
Cc1cccc2ccccc12,"NAPHTHALENE, 1-METHYL",7002,"['90-12-0', '1321-94-4', '90-12-0']",517.55,CRC_ORG,Danger
O=[N+]([O-])c1cccc2ccccc12,"NAPHTHALENE, 1-NITRO",6849,"['86-57-7', '27254-36-0', '86-57-7']",577.2,WEBBOOK,Danger
Clc1ccc2ccccc2c1,"NAPHTHALENE, 2-CHLORO",7056,"['91-58-7', '91-58-7', '11-10-6']",530.15,CRC_ORG,Warning
CCOc1ccc2ccccc2c1,"NAPHTHALENE, 2-ETHOXY",7129,"['93-18-5', '06-00-0', '13-12-8']",555.15,CRC_ORG,Warning
c1ccc2ccccc2c1,NAPHTHALENE,931,"['91-20-3', '287399-39-7', '68412-25-9', '91-20-3', '25135-16-4', '31807-65-5', '72931-45-4']",491.15,CRC_ORG,Danger
CCCCCCCCCCCCCCCCCCCc1ccccc1,"NONADECANE, 1-PHENYL",94400,"['29136-19-4', '70356-32-0']",692.15,CRC_ORG,Warning
CCCCCCCCCCCCCCCCCCC,NONADECANE,12401,['629-92-5'],603.15,CRC_ORG,
CCCCCCCCCBr,"NONANE, 1-BROMO",12742,"['693-58-3', '1219805-44-3', '1219799-20-8', '693-58-3']",494.55,CRC_ORG,Warning
CCCCCCCCCCl,"NONANE, 1-CHLORO",17185,"['2473-01-0', '70776-06-6', '2473-01-0']",477.15,CRC_ORG,Warning
CCCCCCCOC(=O)CCCCCCCC(=O)OCCCCCCC,"NONANEDIOIC ACID, DIHEPTYL ESTER",12833227,['15845-89-3'],842.28,JOBACK,
CCCCCCCCC,NONANE,8141,"['111-84-2', '66039-00-7', '144637-82-1', '111-84-2', '61193-19-9']",423.95,CRC_ORG,Danger
CCCCCCCCC(=O)OC,"NONANOIC ACID, METHYL ESTER",15606,['1731-84-6'],485.15,CRC_ORG,
CCCCCCCCC#N,"NONANOIC ACID, NITRILE",16715,['2243-27-8'],498.15,CRC_ORG,Warning
CCCCCCCCC(=O)O,NONANOIC ACID,8158,"['112-05-0', '68937-75-7', '112-05-0', '02-00-0']",529.15,CRC_ORG,Danger
CCCCCCCCCCCCCCCCCCCCCCCCCCCC,OCTACOSANE,12408,['630-02-4'],705.15,CRC_ORG,
CCCCCCCCCCCCCCCCCCCl,"OCTADECANE, 1-CHLORO",18815,"['3386-33-2', '3386-33-2']",610.15,CRC_ORG,Warning
CCCCCCCCCCCCCCCCCC,OCTADECANE,11635,"['593-45-3', '128271-18-1', '11-13-1', '17-18-1', '14-12-1']",589.15,CRC_ORG,Danger
CCCCCCCCCCCCCCCCCC(N)=O,"OCTADECANOIC ACID, AMIDE",31292,['124-26-5'],737.84,JOBACK,
CCCCCCCCCCCCCCCCCC(=O)Cl,"OCTADECANOIC ACID, CHLORIDE",8212,['112-76-5'],702.74,JOBACK,Danger
CCCCCCCCCCCCCCCCCC(=O)OCC,"OCTADECANOIC ACID, ETHYL ESTER",8122,"['111-61-5', '02-00-0']",629.15,CRC_ORG,Warning
CCCCCCCCCCCCCCCCCC(=O)O,OCTADECANOIC ACID,5281,"['57-11-4', '02-00-0', '68937-76-8', '57-11-4', '18639-67-3', '10-11-1', '13-14-1', '16-17-1']",644.15,CRC_ORG,Warning
CC(C)CCCCC(C)C,"OCTANE, 2,7-DIMETHYL",14070,['1072-16-8'],433.15,CRC_ORG,Warning
CCCCCCC(C)C1CCCC1,"OCTANE, 2-CYCLOPENTYL",14764015,[],511.88,JOBACK,
CCCCCCC(C)C,"OCTANE, 2-METHYL",18591,"['3221-61-2', '34464-40-9', '68551-15-5', '30498-66-9']",416.15,CRC_ORG,Danger
CCCCCC(C)CC,"OCTANE, 3-METHYL",16664,"['2216-33-3', '345909-08-2']",417.15,CRC_ORG,Danger
FC(F)(F)C(F)(F)C(F)(F)C(F)(F)C(F)(F)C(F)(F)C(F)(F)C(F)(F)F,"OCTANE, OCTADECAFLUORO",9387,['307-34-6'],378.15,CRC_ORG,Warning
CCCCCCCOC(=O)CCCCCCC(=O)OCCCCCCC,"OCTANEDIOIC ACID, DIHEPTYL ESTER",524364,[],819.4,JOBACK,
CCCCCCOC(=O)CCCCCCC(=O)OCCCCCC,"OCTANEDIOIC ACID, DIHEXYL ESTER",524365,['72630-13-8'],773.64,JOBACK,
N#CCCCCCCC#N,"OCTANEDIOIC ACID, DINITRILE",12385,"['629-40-3', '02-00-0', '04-00-0']",458.15,COMMON_CHEMISTRY,Danger
CCCCCCCC,OCTANE,356,"['111-65-9', '111-65-9', '31372-91-5', '9065-92-3']",398.77,CRC_ORG,Danger
CCCCCCCC(=O)OCC(COC(=O)CCCCCCC)OC(=O)CCCCCCC,"OCTANOIC ACID, 1,2,3-PROPANETRIYL ESTER",10850,"['538-23-8', '538-23-8', '352431-24-4', '02-00-0']",720.15,CRC_ORG,
CCOC(=O)C(F)(F)C(F)(Cl)C(F)(F)C(F)(Cl)C(F)(F)C(F)(Cl)C(F)(F)Cl,"OCTANOIC ACID, 1,2,4,6-TETRACHLORO, PERFLUORO, ETHYL ESTER",154228144,[],605.7,JOBACK,
CCCCCCCC(=O)OCC,"OCTANOIC ACID, ETHYL ESTER",7799,"['106-32-1', '106-32-1']",479.15,CRC_ORG,
CCCCCCCC#N,"OCTANOIC ACID, NITRILE",31286,"['124-12-9', '02-00-0', '124-12-9']",475.15,CRC_ORG,Warning
CCCCCCCC(=O)O,OCTANOIC ACID,379,"['124-07-2', '02-00-0', '287111-08-4', '287111-23-3', '68937-74-6', '124-07-2', '287111-06-2', '001-07-9']",513.15,CRC_ORG,Danger
CCCCCCCCCCOC(=O)C(=O)OCCCCCCCCCC,"OXALIC ACID, DIDECYL ESTER",3449120,['20441-64-9'],819.4,JOBACK,
CCOC(=O)C(=O)OCC,"OXALIC ACID, DIETHYL ESTER",7268,"['95-92-1', '02-00-0', '95-92-1']",459.15,CRC_ORG,Danger
CCC(=O)N1CCOC1,"OXAZOLIDINE, 3-(1-OXOPROPYL)",110739936,[],445.82,JOBACK,
CC(=O)N1CCOC1,"OXAZOLIDINE, 3-ACETYL",10654201,['3672-60-4'],422.94,JOBACK,
CCCCCCCCCCCCCCCc1ccccc1,"PENTADECANE, 1-PHENYL",16476,"['2131-18-2', '68890-99-3']",646.15,CRC_ORG,Warning
CCCCCCCCCCCCCCC,PENTADECANE,12391,"['629-62-9', '01-00-0', '629-62-9']",543.75,CRC_ORG,Danger
CCCCCCCCCCCCCCC#N,"PENTADECANOIC ACID, NITRILE",87568,['18300-91-9'],595.2,WEBBOOK,Warning
CCCCCCl,"PENTANE, 1-CHLORO",10977,"['543-59-9', '29656-63-1']",381.05,CRC_ORG,Danger
CC(C)CC(C)(C)C,"PENTANE, 2,2,4-TRIMETHYL",10907,"['540-84-1', '01-00-0', '540-84-1', '85404-20-2']",372.35,CRC_ORG,Danger
CC(C)C(C)C(C)C,"PENTANE, 2,3,4-TRIMETHYL",11269,"['565-75-3', '01-00-0']",386.55,CRC_ORG,Danger
CC(C)CC(C)C,"PENTANE, 2,4-DIMETHYL",7907,['108-08-7'],353.55,CRC_ORG,Danger
CCCC(C)C,"PENTANE, 2-METHYL",7892,"['107-83-5', '73513-42-5', '64742-49-0', '43133-95-5', '107-83-5']",333.36,CRC_ORG,Danger
CCC(C)CC,"PENTANE, 3-METHYL",7282,['96-14-0'],336.45,CRC_ORG,Danger
COC(=O)CC(=O)CC(=O)OC,"PENTANEDIOIC ACID, 3-OXO, DIMETHYL ESTER",74591,['1830-54-2'],530.07,JOBACK,Warning
CCOC(=O)CCCC(=O)OCC,"PENTANEDIOIC ACID, DIETHYL ESTER",13163,"['818-38-2', '897628-49-8', '68989-31-1', '68989-30-0']",510.15,CRC_ORG,
COC(=O)CCCC(=O)OC,"PENTANEDIOIC ACID, DIMETHYL ESTER",14242,"['1119-40-0', '1119-40-0']",489.15,CRC_ORG,
N#CCCCC#N,"PENTANEDIOIC ACID, DINITRILE",10994,"['544-13-8', '903903-26-4', '02-00-0']",559.15,CRC_ORG,Danger
CCCCCCCCCOC(=O)CCCC(=O)OCCCCCCCCC,"PENTANEDIOIC ACID, DINONYL ESTER",3085798,"['72379-15-8', '5137-27-9']",842.28,JOBACK,
CC(C#N)CCC#N,"PENTANEDIOIC ACID, METHYL, DINITRILE",20686,"['4553-62-2', '28906-50-5', '4553-62-2', '02-00-0']",543.15,CRC_ORG,Danger
C=C(C#N)CCC#N,"PENTANEDIOIC ACID, METHYLENE, DINITRILE",74080,"['1572-52-7', '1572-52-7']",376.2,WEBBOOK,Warning
O=C1CCCC(=O)O1,PENTANEDIOIC ANHYDRIDE,7940,"['108-55-4', '17-11-0', '108-55-4']",560.15,WEBBOOK,Danger
CCCCC,PENTANE,8003,"['109-66-0', '68476-43-7', '68476-55-1', '68647-60-9', '70955-08-7', '107949-95-1', '109-66-0', '109-66-0']",309.21,CRC_ORG,Danger
CC(=O)CCC#N,"PENTANOIC ACID, 4-OXO, NITRILE",225303,['927-56-0'],469.95,JOBACK,Danger
CCCCC#N,"PENTANOIC ACID, NITRILE",8061,"['110-59-8', '02-00-0', '110-59-8']",413.15,CRC_ORG,Danger
CCCCCCCCCCCCCCCCCCCCCCCCCCCCCCCCCCC,PENTATRIACONTANE,12413,['630-07-9'],762.15,CRC_ORG,
c1ccc2c(c1)CCc1ccccc1-2,"PHENANTHRENE, 9,10-DIHYDRO",13058,"['776-35-2', '10-12-6']",441.65,COMMON_CHEMISTRY,Warning
c1ccc2c(c1)ccc1ccccc12,PHENANTHRENE,995,"['85-01-8', '85-01-8', '10-12-6']",611.55,CRC_ORG,Warning
COc1ccccc1O,"PHENOL, 2-METHOXY",460,"['90-05-1', '8021-39-4', '9009-62-5', '90-05-1', '8021-39-4']",477.15,CRC_ORG,Warning
O=[N+]([O-])c1ccccc1O,"PHENOL, 2-NITRO",6947,"['88-75-5', '25154-55-6', '88-75-5', '78813-12-4']",489.15,CRC_ORG,Warning
Oc1cccc(OC(F)F)c1,"PHENOL, 3-(DIFLUOROMETHOXY)",2774122,['88798-13-4'],487.58,JOBACK,Danger
Oc1cccc(C(F)(F)F)c1,"PHENOL, 3-(TRIFLUOROMETHYL)",7376,['98-17-9'],451.15,CRC_ORG,Danger
Oc1ccc(F)cc1,"PHENOL, 4-FLUORO",9732,"['371-41-5', '06-00-0']",458.65,CRC_ORG,Danger
Oc1c(F)c(F)c(F)c(F)c1F,"PHENOL, PENTAFLUORO",13041,['771-61-9'],418.25,CRC_ORG,Danger
Oc1ccccc1,PHENOL,996,"['108-95-2', '27073-41-2', '65996-83-0', '17442-59-0', '108-95-2', '63496-48-0', '61788-41-8', '73607-76-8']",454.95,CRC_ORG,Danger
CCCCC(CC)COP(=O)(O)OCC(CC)CCCC,"PHOSPHORIC ACID, BIS(2-ETHYLHEXYL) ESTER",9275,"['298-07-7', '298-07-7']",321.15,YAWS,Danger
CCCCOP(=O)(O)O,"PHOSPHORIC ACID, BUTYL ESTER",15389,"['1623-15-0', '52933-01-4', '85391-11-3']",488.1,JOBACK,Warning
CCCCOP(=O)(O)OCCCC,"PHOSPHORIC ACID, DIBUTYL ESTER",7881,"['107-66-4', '19069-28-4', '72283-56-8', '01-00-0', '107-66-4']",408.15,COMMON_CHEMISTRY,Danger
COP(=O)(Oc1ccccc1)Oc1ccccc1,"PHOSPHORIC ACID, METHYL DIPHENYL ESTER",8291,['115-89-9'],398.15,COMMON_CHEMISTRY,
CN(C)P(=O)(N(C)C)N(C)C,"PHOSPHORIC ACID, TRIAMIDE, HEXAMETHYL",12679,"['680-31-9', '630-31-9', '680-31-9']",508.15,CRC_ORG,Danger
CCCCOP(=O)(OCCCC)OCCCC,"PHOSPHORIC ACID, TRIBUTYL ESTER",31357,"['126-73-8', '126-73-8', '01-00-0', '10-14-1', '15-11-8', '16-12-9']",562.15,CRC_ORG,Warning
CCOP(=O)(OCC)OCC,"PHOSPHORIC ACID, TRIETHYL ESTER",6535,"['78-40-0', '78-40-0', '78-40-0']",489.15,CRC_ORG,Warning
COP(=O)(OC)OC,"PHOSPHORIC ACID, TRIMETHYL ESTER",10541,"['512-56-1', '512-56-1']",470.35,CRC_ORG,Danger
O=P(Oc1ccccc1)(Oc1ccccc1)Oc1ccccc1,"PHOSPHORIC ACID, TRIPHENYL ESTER",8289,"['115-86-6', '06-00-0', '115-86-6']",686.48333,WIKIDATA,Warning
CCCCOCCOP(=O)(OCCOCCCC)OCCOCCCC,"PHOSPHORIC ACID, TRIS(2-BUTOXYETHYL) ESTER",6540,"['78-51-3', '78-51-3', '78-51-3', '01-00-0']",736.16,JOBACK,Warning
CCCCC(CC)COP(=O)(OCC(CC)CCCC)OCC(CC)CCCC,"PHOSPHORIC ACID, TRIS(2-ETHYLHEXYL) ESTER",6537,"['78-42-2', '78-42-2', '13-16-2', '19-26-2', '27-20-2', '17-14-8', '28-21-2', '18-15-9']",489.15,YAWS,Warning
Cc1ccc(OP(=O)(Oc2ccc(C)cc2C)Oc2ccc(C)cc2C)c(C)c1,"PHOSPHORIC ACID, TRIS(DIMETHYLPHENYL) ESTER",19736,"['3862-12-2', '06-00-0']",506.65,CRC_ORG,Warning
CCCCCCOC(=O)c1ccc([N+](=O)[O-])cc1C(=O)OCCCCCC,"PHTHALIC ACID, 4-NITRO, DIHEXYL ESTER",15930684,[],962.12,JOBACK,
CCCCOC(=O)c1ccccc1C(=O)OCc1ccccc1,"PHTHALIC ACID, BENZYL BUTYL ESTER",2347,"['85-68-7', '85-68-7', '001-02-1']",643.15,CRC_ORG,Danger
CCCCOC(=O)COC(=O)c1ccccc1C(=O)COC(=O)OCCCC,"PHTHALIC ACID, BIS(2-BUTOXY-2-OXOETHYL) ESTER",,[''],836.29,JOBACK,
CCCCOC(=O)c1ccccc1C(=O)OCC(CC)CCCC,"PHTHALIC ACID, BUTYL, ETHYLHEXYL ESTER",6818,"['85-69-8', '85-69-8']",623.15,YAWS,
CCCCC(CC)COC(=O)c1ccccc1C(=O)OCC(CC)CCCC,"PHTHALIC ACID, DI(2-ETHYLHEXYL) ESTER",8343,"['117-81-7', '352431-42-6', '50885-87-5', '8033-53-2', '15495-94-0', '82208-43-3', '117-81-7', '001-05-2', '17-27-2', '21-15-1', '12-16-2', '28-18-2', '14-10-6']",657.15,CRC_ORG,Danger
COCCOC(=O)c1ccccc1C(=O)OCCOC,"PHTHALIC ACID, DI(2-METHOXYETHYL) ESTER",8344,"['117-82-8', '117-82-8', '09-00-0']",613.15,COMMON_CHEMISTRY,Danger
O=C(OCCc1ccccc1)c1ccccc1C(=O)OCCc1ccccc1,"PHTHALIC ACID, DI(2-PHENYLETHYL) ESTER",6421950,['13330-42-2'],950.18,JOBACK,
C=CCOC(=O)c1ccccc1C(=O)OCC=C,"PHTHALIC ACID, DI(2-PROPENYL) ESTER",8560,"['131-17-9', '25053-15-0', '143318-73-4', '131-17-9', '09-00-0', '18-10-4']",438.15,YAWS,Warning
O=C(OCCCc1ccccc1)c1ccccc1C(=O)OCCCc1ccccc1,"PHTHALIC ACID, DI(3-PHENYLPROPYL) ESTER",88403,['20198-64-5'],995.94,JOBACK,
CCC(C)OC(=O)c1ccccc1C(=O)OC(C)CC,"PHTHALIC ACID, DI(SEC.BUTYL) ESTER",249496,['4489-61-6'],712.9,JOBACK,
O=C(OCc1ccccc1)c1ccccc1C(=O)OCc1ccccc1,"PHTHALIC ACID, DIBENZYL ESTER",220773,['523-31-9'],904.42,JOBACK,
CC1(C)C2CCC1(C)C(OC(=O)c1ccccc1C(=O)OC1CC3CCC1(C)C3(C)C)C2,"PHTHALIC ACID, DIBORNYL ESTER",90924012,[],1006.12,JOBACK,
CCCCOC(=O)c1ccccc1C(=O)OCCCC,"PHTHALIC ACID, DIBUTYL ESTER",3026,"['84-74-2', '84-74-2', '001-01-0', '001-04-4']",611.15,CRC_ORG,Danger
O=C(OC1CCCCC1)c1ccccc1C(=O)OC1CCCCC1,"PHTHALIC ACID, DICYCLOHEXYL ESTER",6777,"['84-61-7', '84-61-7', '23-15-9', '17-13-7', '24-16-1']",844.4,JOBACK,Danger
CCCCCCCCCCOC(=O)c1ccccc1C(=O)OCCCCCCCCCC,"PHTHALIC ACID, DIDECYL ESTER",6788,"['84-77-5', '84-77-5']",736.15,CRC_ORG,
CCOC(=O)c1ccccc1C(=O)OCC,"PHTHALIC ACID, DIETHYL ESTER",6781,"['84-66-2', '09-00-0', '68988-18-1', '84-66-2']",571.15,CRC_ORG,
CCCCCCCOC(=O)c1ccccc1C(=O)OCCCCCCC,"PHTHALIC ACID, DIHEPTYL ESTER",19284,"['3648-21-3', '68515-44-6', '3648-21-3']",633.15,CRC_ORG,Warning
CCCCCCOC(=O)c1ccccc1C(=O)OCCCCCC,"PHTHALIC ACID, DIHEXYL ESTER",6786,"['84-75-3', '68515-50-4', '68610-82-2', '84-75-3']",652.15,CRC_ORG,Danger
CC(C)COC(=O)c1ccccc1C(=O)OCC(C)C,"PHTHALIC ACID, DIISOBUTYL ESTER",6782,"['84-69-5', '84-69-5', '09-00-0']",569.65,CRC_ORG,Danger
CC(C)CCCCCCCOC(=O)c1ccccc1C(=O)OCCCCCCCC(C)C,"PHTHALIC ACID, DIISODECYL ESTER",33599,"['26761-40-0', '89-16-7', '68515-49-1', '19269-67-1', '119394-45-5', '68515-49-1']",740,YAWS,Warning
CC(C)OC(=O)c1ccccc1C(=O)OC(C)C,"PHTHALIC ACID, DIISOPROPYL ESTER",11799,"['605-45-8', '605-45-8']",667.14,JOBACK,Warning
CCCCCCCCCOC(=O)c1ccccc1C(=O)OCCCCCCCCC,"PHTHALIC ACID, DINONYL ESTER",6787,"['84-76-4', '68515-45-7', '68648-92-0', '09-00-0', '84-76-4']",686.15,CRC_ORG,Warning
CCCCCCCCOC(=O)c1ccccc1C(=O)OCCCCCCCC,"PHTHALIC ACID, DIOCTYL ESTER",8346,"['117-84-0', '8031-29-6', '68515-43-5', '117-84-0']",688.15,CRC_ORG,
CCCCCOC(=O)c1ccccc1C(=O)OCCCCC,"PHTHALIC ACID, DIPENTYL ESTER",8561,"['131-18-0', '131-18-0', '09-00-0']",614.15,CRC_ORG,Danger
O=C(Oc1ccccc1)c1ccccc1C(=O)Oc1ccccc1,"PHTHALIC ACID, DIPHENYL ESTER",6778,"['84-62-8', '09-00-0', '84-62-8', '23-15-9', '17-13-7', '24-16-1']",528.15,COMMON_CHEMISTRY,Warning
CCCOC(=O)c1ccccc1C(=O)OCCC,"PHTHALIC ACID, DIPROPYL ESTER",8559,"['131-16-8', '131-16-8', '09-00-0']",592.15,CRC_ORG,Warning
CCCCOC(=O)c1c(Cl)c(Cl)c(Cl)c(Cl)c1C(=O)OCCCC,"PHTHALIC ACID, TETRACHLORO, DIBUTYL ESTER",76389,['3015-66-5'],883.42,JOBACK,
CCCCCCCCCOC(=O)c1c(Cl)c(Cl)c(Cl)c(Cl)c1C(=O)OCCCCCCCCC,"PHTHALIC ACID, TETRACHLORO, DINONYL ESTER",21998055,[],1112.22,JOBACK,
CCCOC(=O)c1c(Cl)c(Cl)c(C(=O)OCCC)c(Cl)c1Cl,"PHTHALIC ACID, TETRACHLORO, DIPROPYL ESTER",2427408,[],837.66,JOBACK,
CN1CCN(CCC#N)CC1,"PIPERAZINE, 1(2-CYANOETHYL), 4-METHYL",3050146,['4491-92-3'],525.28,JOBACK,Warning
CC(=O)N1CCN(C)CC1,"PIPERAZINE, 1-ACETYL, 4-METHYL",550758,"['60787-05-5', '003-01-9']",454.19,JOBACK,
CN1CCN(C=O)CC1,"PIPERAZINE, 1-FORMYL, 4-METHYL",3269221,['7556-55-0'],426.1,JOBACK,Warning
CN1CCN(N=O)CC1,"PIPERAZINE, 1-METHYL, 4-NITROSO",27826,"['16339-07-4', '23-03-0']",417.96,JOBACK,Danger
CC(=O)N1CCCCC1,"PIPERIDINE, 1-ACETYL",12058,"['618-42-8', '20-02-0']",499.65,CRC_ORG,Warning
N#CN1CCCCC1,"PIPERIDINE, 1-CYANO",73736,['1530-87-6'],471.35,JOBACK,Warning
O=CN1CCCCC1,"PIPERIDINE, 1-FORMYL",17429,"['2591-86-8', '2591-86-8']",494.15,CRC_ORG,Danger
O=NN1CCCCC1,"PIPERIDINE, 1-NITROSO",7526,"['100-75-4', '20-03-0', '100-75-4']",484.15,CRC_ORG,Danger
O=[N+]([O-])N1CCCCC1,"PIPERIDINE, 1-NITRO",23506,['7119-94-0'],522.15,CRC_ORG,
C1CCNCC1,PIPERIDINE,8082,"['110-89-4', '89014-30-2', '110-89-4', '52167-54-1']",379.34,CRC_ORG,Danger
FCC(F)C(F)(F)F,"PROPANE, 1,1,1,2,3-PENTAFLUORO",164598,['431-31-2'],272.65,COMMON_CHEMISTRY,Danger
FCC(F)(F)C(F)F,"PROPANE, 1,1,2,2,3-PENTAFLUORO",69624,['679-86-7'],298.1,WEBBOOK,
CC(Cl)CCl,"PROPANE, 1,2-DICHLORO",6564,"['78-87-5', '78-87-5', '26638-19-7', '01-00-0', '78-87-5']",370,WEBBOOK,Danger
NCCCN,"PROPANE, 1,3-DIAMINO",428,"['109-76-2', '68333-86-8', '18773-03-0', '04-00-0', '54018-94-9']",412.35,CRC_ORG,Danger
CCCBr,"PROPANE, 1-BROMO",7840,"['106-94-5', '26446-77-5', '106-94-5']",343.95,CRC_ORG,Danger
CCC[N+](=O)[O-],"PROPANE, 1-NITRO",7903,"['108-03-2', '25322-01-4', '108-03-2']",404.35,CRC_ORG,Danger
CC(C)C,"PROPANE, 2-METHYL",6360,['75-28-5'],261.45,CRC_ORG,Danger
CC(C)[N+](=O)[O-],"PROPANE, 2-NITRO",398,"['79-46-9', '79-46-9']",393.35,CRC_ORG,Danger
CCC,PROPANE,6334,"['74-98-6', '130071-47-5', '68476-49-3', '68920-07-0', '69430-33-7', '68475-59-2']",231.04,CRC_ORG,Danger
CCC(=O)OC(C)C,"PROPANOIC ACID, 1-METHYLETHYL ESTER",12508,['637-78-5'],383.15,CRC_ORG,Danger
CC(=O)C(C)C#N,"PROPANOIC ACID, 2-ACETYL, NITRILE",536905,['4468-47-7'],469.51,JOBACK,Warning
CC(=O)OC(C)C#N,"PROPANOIC ACID, 2-HYDROXY, NITRILE, ACETATE",251504,['15657-96-2'],445.65,YAWS,
CC(C)(O)C(=O)O,"PROPANOIC ACID, 2-HYDROXY-, METHYL ESTER",11671,"['594-61-6', '594-61-6']",485.15,CRC_ORG,Danger
CC(O)C(=O)O,"PROPANOIC ACID, 2-HYDROXY",612,"['50-21-5', '26100-51-6', '598-82-3', '50-21-5', '849585-22-4', '152-36-3']",505.49,JOBACK,Danger
CC(C)C(=O)N(C)C,"PROPANOIC ACID, 2-METHYL, AMIDE, N,N-DIMETHYL",243415,['21678-37-5'],448.65,YAWS,Warning
CNC(=O)C(C)C,"PROPANOIC ACID, 2-METHYL, AMIDE, N-METHYL",221961,['2675-88-9'],417.6,JOBACK,
N#CCCN1CC1,"PROPANOIC ACID, 3(1-AZIRIDINYL), NITRILE",14077,['1072-66-8'],435.66,JOBACK,
N#CCCN1CCCCC1,"PROPANOIC ACID, 3(1-PIPERIDINYL), NITRILE",18338,"['3088-41-3', '20-03-0']",517.11,JOBACK,Warning
N#CCCN1CCCC1,"PROPANOIC ACID, 3(1-PYRROLIDINYL), NITRILE",117743,"['26165-45-7', '20-01-0']",489.96,JOBACK,Danger
N#CCCn1cccc1,"PROPANOIC ACID, 3(1-PYRROLYL), NITRILE",96527,"['43036-06-2', '115112-01-1']",488.28,JOBACK,Warning
N#CCCN1CCOCC1,"PROPANOIC ACID, 3(4-MORPHOLINYL), NITRILE",78298,['4542-47-6'],521.18,JOBACK,Warning
CCN(CC)CCC#N,"PROPANOIC ACID, 3(DIETHYLAMINO), NITRILE",79306,['5351-04-2'],470.15,YAWS,Warning
CN(C)CCC#N,"PROPANOIC ACID, 3(DIMETHYLAMINO), NITRILE",15615,"['1738-25-6', '1138-25-6', '1738-25-6']",450.15,CRC_ORG,Warning
N#CCCOCC(COCCC#N)(COCCC#N)COCCC#N,"PROPANOIC ACID, 3,3',3'',3''' (NEOPENTANETETRAYLTETRAOXY) TETRA, NITRILE",258651,['2465-91-0'],1083.33,JOBACK,
N#CCCOCC(COCCC#N)OCCC#N,"PROPANOIC ACID, 3,3',3''-(1,2,3-PROPANETRIYLTRIOXY)TRI, NITRILE",75572,['2465-93-2'],847.22,JOBACK,Danger
N#CCCOCCOCCC#N,"PROPANOIC ACID, 3,3'-(ETHYLENEDIOXY)DI, NITRILE",76921,"['3386-87-6', '3386-87-6']",631.64,JOBACK,Danger
N#CCCNCCC#N,"PROPANOIC ACID, 3,3'-IMINODI, DINITRILE",8149,"['111-94-4', '68412-52-2', '111-94-4']",446.15,YAWS,Warning
N#CCCOCCC#N,"PROPANOIC ACID, 3,3'-OXYDI, DINITRILE",15452,"['1656-48-0', '9004-41-5', '03-00-0', '1656-48-0']",579,YAWS,Warning
COC(=O)CCSCCC(=O)OC,"PROPANOIC ACID, 3,3'-THIODI, DIMETHYL ESTER",77781,"['4131-74-2', '4131-74-2']",567.86,JOBACK,Warning
N#CCCSCCC#N,"PROPANOIC ACID, 3,3'-THIODI, DINITRILE",8151,"['111-97-7', '03-00-0', '111-97-7']",609.82,JOBACK,Warning
CC(CCOCCC#N)OCCC#N,"PROPANOIC ACID, 3,3'-[(1-METHYL-1,3-PROPANEDIYL)BIS(OXY)] BIS, NITRILE",,[''],676.96,JOBACK,
N#CCCOCCOCCOCCC#N,"PROPANOIC ACID, 3,3'-[OXYBIS(ETHYLENEOXY)] DINITRILE",89693,['22397-31-5'],699.82,JOBACK,Danger
N#CCCOCC1COCO1,"PROPANOIC ACID, 3-(1,3-DIOXAN-5-YLOXY), NITRILE",53424973,['54920-58-0'],553.44,JOBACK,
N#CCCOCC(F)(F)C(F)F,"PROPANOIC ACID, 3-(2,2,3,3-TETRAFLUOROPROPOXY), NITRILE",15710355,['51299-81-1'],454.79,JOBACK,
Cc1ccccc1OCCC#N,"PROPANOIC ACID, 3-(2-METHYLPHENOXY), NITRILE",2342173,['25268-05-7'],584.56,JOBACK,
Cc1cccc(OCCC#N)c1,"PROPANOIC ACID, 3-(3-METHYLPHENOXY), NITRILE",13182729,['25268-06-8'],584.56,JOBACK,
Cc1ccc(OCCC#N)cc1,"PROPANOIC ACID, 3-(4-METHYLPHENOXY), NITRILE",2063533,['25268-01-3'],584.56,JOBACK,
N#CCCNc1ccccc1,"PROPANOIC ACID, 3-(ANILINO), NITRILE",14100,"['1075-76-9', '12-00-0']",584.45,JOBACK,Warning
N#CCCOCc1ccccc1,"PROPANOIC ACID, 3-(BENZYLOXY), NITRILE",80620,['6328-48-9'],579.58,JOBACK,Warning
CCCCOCCC#N,"PROPANOIC ACID, 3-BUTOXY, NITRILE",23395,"['6959-71-3', '03-00-0']",444.15,COMMON_CHEMISTRY,Warning
N#CCCCl,"PROPANOIC ACID, 3-CHLORO, NITRILE",10963,"['542-76-7', '542-76-7', '02-00-0']",448.65,CRC_ORG,Danger
COC(=O)CCC#N,"PROPANOIC ACID, 3-CYANO, METHYL ESTER",77749,['4107-62-4'],486.15,YAWS,Danger
CCOCCC#N,"PROPANOIC ACID, 3-ETHOXY, NITRILE",16501,['2141-62-0'],444.15,CRC_ORG,Warning
O=C1CCO1,"PROPANOIC ACID, 3-HYDROXY, BETA-LACTONE",2365,"['57-57-8', '17-09-0', '57-57-8', '25037-58-5']",434.15,CRC_ORG,Danger
COC(=O)C(C)C#N,"PROPANOIC ACID, 3-HYDROXY, NITRILE, ACETATE",247818,['14618-77-0'],473.86,JOBACK,Danger
N#CCCO,"PROPANOIC ACID, 3-HYDROXY, NITRILE",8011,"['109-78-4', '78645-87-1', '109-78-4']",491.15,CRC_ORG,Warning
COCCC#N,"PROPANOIC ACID, 3-METHOXY, NITRILE",61032,"['110-67-8', '110-67-8']",438.55,CRC_ORG,Warning
N#CCCOCC1CCCO1,"PROPANOIC ACID, 3-OXY(TETRAHYDROFURFURYL), NITRILE",95351,['5338-10-3'],549.37,JOBACK,
CCCCCOCCC#N,"PROPANOIC ACID, 3-PENTOXY, NITRILE",4150464,['16728-47-5'],507.14,JOBACK,
N#CCCOc1ccccc1,"PROPANOIC ACID, 3-PHENOXY, NITRILE",76456,['3055-86-5'],556.7,JOBACK,Warning
CCCOCCC#N,"PROPANOIC ACID, 3-PROPOXY, NITRILE",94781,['51299-82-2'],461.38,JOBACK,
N#CCCSc1ccccc1,"PROPANOIC ACID, 3-THIOPHENOXY, NITRILE",220031,['3055-87-6'],603.06,JOBACK,
N#CCCOCC(F)(F)C(F)(F)C(F)(F)C(F)F,"PROPANOIC ACID, 3-[(2,2,3,3,4,4,5,5-OCTAFLUOROPENTYL)OXY], NITRILE",131854633,[],491.17,JOBACK,
CC1(C)OCC(OCCC#N)CO1,"PROPANOIC ACID, 3-[(2,2-DIMETHYL-1,3-DIOXAN-5-YL)OXY], NITRILE",53425415,[],599.04,JOBACK,
CC1OCC(OCCC#N)CO1,"PROPANOIC ACID, 3-[(2-METHYL-1,3-DIOXAN-5-YL)OXY], NITRILE",53424961,['55961-72-3'],575.92,JOBACK,
CCC(=O)N(C)C,"PROPANOIC ACID, AMIDE, N,N-DIMETHYL",12965,"['758-96-3', '04-00-0']",449.15,CRC_ORG,Warning
CCNC(=O)CC,"PROPANOIC ACID, AMIDE, N-ETHYL",521324,['5129-72-6'],418.04,JOBACK,Warning
CCC(=O)NC,"PROPANOIC ACID, AMIDE, N-METHYL",14470,"['1187-58-2', '04-00-0']",480.15,CRC_ORG,Warning
CCOC(=O)CC,"PROPANOIC ACID, ETHYL ESTER",7749,"['105-37-3', '02-00-0', '105-37-3']",372.05,CRC_ORG,Danger
CN1CCC1=O,"PROPANOIC ACID, LACTAM, N-METHYL",137674,['2679-13-2'],382.79,JOBACK,
CCC#N,"PROPANOIC ACID, NITRILE",7854,"['107-12-0', '02-00-0', '68130-67-6', '10419-75-7', '107-12-0']",370.45,CRC_ORG,Danger
CCC(=O)O,PROPANOIC ACID,1032,"['79-09-4', '02-00-0', '68937-68-8', '68990-37-4', '79-09-4', '90990-11-7']",414.65,CRC_ORG,Danger
C=C(C)C,"PROPENE, 2-METHYL",8255,"['115-11-7', '9003-27-4', '42278-27-3', '68037-14-9', '13001-05-3', '68606-25-7']",266.15,CRC_ORG,
C=CC,PROPENE,8252,"['115-07-1', '25085-53-4', '68606-26-8', '90530-12-4', '97102-85-7']",225.55,CRC_ORG,Danger
[O-][n+]1ccccc1,"PYRIDINE, 1-OXIDE",12753,['694-59-7'],375.65,COMMON_CHEMISTRY,Warning
Cc1cccc(CCO)n1,"PYRIDINE, 2(2-HYDROXYETHYL), 6-METHYL",70283,['934-78-1'],560.18,JOBACK,Danger
OCCc1ccccn1,"PYRIDINE, 2(2-HYDROXYETHYL)",7675,"['103-74-2', '21-02-0', '103-74-2']",532.32,JOBACK,Warning
Nc1ccccn1,"PYRIDINE, 2-AMINO",10439,"['504-29-0', '26445-05-6', '24843-39-8', '504-29-0']",478.99786,WEBBOOK,Danger
c1ccc(Cc2ccccn2)cc1,"PYRIDINE, 2-BENZYL",7581,"['101-82-6', '20-07-0', '10-12-8']",550.15,CRC_ORG,Warning
CCc1cccc(C)[n+]1[O-],"PYRIDINE, 2-METHYL, 6-ETHYL, 1-OXIDE",23533398,[],411.69,JOBACK,
Cc1ccccn1,"PYRIDINE, 2-METHYL",7975,"['109-06-8', '1333-41-1', '109-06-8', '38762-42-4']",402.55,CRC_ORG,Danger
O=[N+]([O-])c1ccccn1,"PYRIDINE, 2-NITRO",26998,"['15009-91-3', '56778-64-4']",529.2,WEBBOOK,Danger
Nc1cccnc1,"PYRIDINE, 3-AMINO",10009,"['462-08-8', '462-08-8', '22-09-0']",525.15,CRC_ORG,Danger
CCc1cccnc1,"PYRIDINE, 3-ETHYL",10823,"['536-78-7', '151103-56-9']",439.15,CRC_ORG,Warning
c1ccc(Cc2ccncc2)cc1,"PYRIDINE, 4-BENZYL",16458,"['2116-65-6', '20-07-0', '10-12-6']",561.15,CRC_ORG,Warning
O=[N+]([O-])c1ccncc1,"PYRIDINE, 4-NITRO",70734,['1122-61-8'],546.22,JOBACK,Warning
Fc1nc(F)c(F)c(F)c1F,"PYRIDINE, PENTAFLUORO",69690,['700-16-3'],356.15,CRC_ORG,Danger
c1ccncc1,PYRIDINE,1049,"['110-86-1', '110-86-1', '29761-81-7']",388.35,CRC_ORG,Danger
CC(=O)n1cccc1,"PYRROLE, 1-ACETYL",521947,['609-41-6'],417.19,JOBACK,
CC(=O)N1CCCC1,"PYRROLIDINE, 1-ACETYL",77650,['4030-18-6'],418.87,JOBACK,
O=NN1CCCC1,"PYRROLIDINE, 1-NITROSO",13591,"['930-55-2', '57371-40-1', '35884-45-8', '930-55-2', '20-01-0']",487.15,CRC_ORG,Danger
[O-][n+]1cccc2ccccc21,"QUINOLINE, 1-OXIDE",15366,['1613-37-2'],448.57,JOBACK,Warning
Cc1cc(Cl)nc2ccccc12,"QUINOLINE, 2-CHLORO, 4-METHYL",69449,['634-47-9'],569.2,WEBBOOK,Warning
Cc1ccc2ccccc2n1,"QUINOLINE, 2-METHYL",7060,"['91-63-4', '20-07-0', '27601-00-9', '91-63-4']",520.55,CRC_ORG,Warning
Cc1ccnc2ccccc12,"QUINOLINE, 4-METHYL",10285,"['491-35-0', '20-07-0', '491-35-0', '11-10-5']",539.15,CRC_ORG,Warning
O=[N+]([O-])c1cccc2ncccc12,"QUINOLINE, 5-NITRO",11829,"['607-34-1', '20-07-0']",661.7,JOBACK,Warning
COc1ccc2ncccc2c1,"QUINOLINE, 6-METHOXY",14860,['5263-87-6'],579.15,CRC_ORG,Warning
COc1cccc2cccnc12,"QUINOLINE, 8-METHOXY",70310,['938-33-0'],556.15,COMMON_CHEMISTRY,Warning
O=[N+]([O-])c1cccc2cccnc12,"QUINOLINE, 8-NITRO",11830,"['607-35-2', '607-35-2']",661.7,JOBACK,Warning
c1ccc2ncccc2c1,QUINOLINE,7047,"['91-22-5', '15793-82-5', '15793-83-6', '15793-84-7', '15793-85-8', '15793-86-9', '15793-87-0', '91-22-5', '31177-31-8', '54978-41-5']",510.25,CRC_ORG,Danger
CO[Si](OC)(OC)OC,"SILANE, TETRAMETHOXY",12682,"['681-84-5', '681-84-5']",393.25,CRC_ORG,Danger
CC(C)CCCC(C)CCCC(C)CCCCC(C)CCCC(C)CCCC(C)C,"SQUALENE, PERHYDRO",8089,"['111-01-3', '111-01-3', '01-00-0', '15-11-1', '23-13-2', '10-18-2', '22-14-2', '20-12-1']",693.15,CRC_ORG,Warning
CC(C)=CCCC(C)=CCCC(C)=CCCC=C(C)CCC=C(C)CCC=C(C)C,SQUALENE,1105,['7683-64-9'],910.24,JOBACK,
CCCCCCCC[Sn](Cl)(CCCCCCCC)CCCCCCCC,"STANNANE, CHLORIDE-, TRIOCTYL",75757,['2587-76-0'],787.55,JOBACK,Warning
CCCCCCCC[Sn](Cl)(Cl)CCCCCCCC,"STANNANE, DICHLORODIOCTYL",77080,"['3542-36-7', '3542-36-7']",641.94,JOBACK,Danger
CCCC[Sn](CCCC)(CCCC)CCCC,"STANNANE, TETRABUTYL",15098,"['1461-25-2', '1461-25-2']",567.08,JOBACK,Danger
CCCCCCCCCCCC[Sn](CCCCCCCCCCCC)(CCCCCCCCCCCC)CCCCCCCCCCCC,"STANNANE, TETRADODECYL",79902,['5827-56-5'],1299.24,JOBACK,
CCCCCCCC[Sn](CCCCCCCC)(CCCCCCCC)CCCCCCCC,"STANNANE, TETRAOCTYL",77145,"['3590-84-9', '04-00-0']",933.16,JOBACK,Warning
CCCCC[Sn](CCCCC)(CCCCC)CCCCC,"STANNANE, TETRAPENTYL",96902,['3765-65-9'],658.6,JOBACK,
CCCCOC(=O)CCC(=O)OCCCC,"SUCCINIC ACID, DIBUTYL ESTER",8830,"['141-03-7', '141-03-7']",542.15,CRC_ORG,
CCOC(=O)CCC(=O)OCC,"SUCCINIC ACID, DIETHYL ESTER",31249,"['123-25-1', '68989-32-2', '02-00-0', '123-25-1']",490.15,CRC_ORG,
CC(C)CCCCCOC(=O)CCC(=O)OCCCCCC(C)C,"SUCCINIC ACID, DIISOOCTYL ESTER",120074,['28880-24-2'],772.76,JOBACK,
COC(=O)CCC(=O)OC,"SUCCINIC ACID, DIMETHYL ESTER",7820,"['106-65-0', '106-65-0']",470.15,CRC_ORG,Warning
N#CCCC#N,"SUCCINIC ACID, DINITRILE",8062,"['110-61-2', '110-61-2']",539.15,CRC_ORG,Danger
CCCCCCCCCOC(=O)CCC(=O)OCCCCCCCCC,"SUCCINIC ACID, DINONYL ESTER",524361,['15805-77-3'],819.4,JOBACK,
COC(=O)CC(C=O)C(=O)OC,"SUCCINIC ACID, FORMYL, DIMETHYL ESTER",93917,['58026-12-3'],524.42,JOBACK,
OCCSCCO,"SULFIDE, DIETHYL, 2,2'-DIHYDROXY",5447,"['111-48-8', '28516-38-3', '111-48-8']",555.15,CRC_ORG,Warning
CCSCCO,"SULFIDE, DIETHYL, 2-HYDROXY",8075,['110-77-0'],448.15,CRC_ORG,Danger
O=[N+]([O-])c1cc(S(=O)(=O)C(F)(F)F)ccc1F,"SULFONE, 4-FLUORO-3-NITROPHENYL, TRIFLUOROMETHYL",139243130,[],521.09,JOBACK,
C=CS(=O)(=O)C=C,"SULFONE, DIETHENYL",6496,"['77-77-0', '62804-37-9']",507.65,CRC_ORG,Danger
O=S(=O)(c1ccccc1)C(F)F,"SULFONE, DIFLUOROMETHYL, PHENYL",11816356,['1535-65-5'],363.54,JOBACK,Warning
CCS(C)(=O)=O,"SULFONE, ETHYL, METHYL",79059,['594-43-4'],247.24,JOBACK,Warning
O=S(=O)(c1ccccc1)C(F)(F)F,"SULFONE, PHENYL, TRIFLUOROMETHYL",555605,['426-58-4'],360.02,JOBACK,Warning
CC1CC(C)S(=O)(=O)C1,"SULFONE, TETRAMETHYLENE, 2,4-DIMETHYL",70483,"['1003-78-7', '17-01-0']",554.15,CRC_ORG,Danger
COC1CCS(=O)(=O)C1,"SULFONE, TETRAMETHYLENE, 3-METHOXY",287365,['20627-66-1'],326.43,JOBACK,
CC1CCS(=O)(=O)C1,"SULFONE, TETRAMETHYLENE, 3-METHYL",79119,['872-93-5'],550.15,CRC_ORG,Danger
O=S1(=O)CCCC1,"SULFONE, TETRAMETHYLENE",31347,"['126-33-0', '28452-93-9', '17-01-0', '126-33-0']",559.15,CRC_ORG,Danger
CCS(=O)CC,"SULFOXIDE, DIETHYL",6263,['70-29-1'],484,WEBBOOK,
CS(C)=O,"SULFOXIDE, DIMETHYL",679,"['67-68-5', '103759-08-6', '67-68-5', '8070-53-9']",465.05,CRC_ORG,Warning
O=S(c1ccccc1)c1ccccc1,"SULFOXIDE, DIPHENYL",13679,"['945-51-7', '06-00-0']",613.15,COMMON_CHEMISTRY,Warning
CCCS(=O)CCC,"SULFOXIDE, DIPROPYL",20252,['4253-91-2'],475,WEBBOOK,Danger
CCS(=O)C(C)C,"SULFOXIDE, ETHYL ISOPROPYL",20347541,['25432-19-3'],303.06,JOBACK,
CCCS(=O)C(C)C,"SULFOXIDE, ISOPROPYL PROPYL",14170484,[],325.94,JOBACK,
CCCS(C)=O,"SULFOXIDE, METHYL PROPYL",123336,['14094-08-7'],280.62,JOBACK,
O=S1CCCC1,"SULFOXIDE, TETRAMETHYLENE",1128,"['1600-44-8', '17-01-0']",509.15,YAWS,Warning
O=S=O,SULFUR DIOXIDE,1119,"['7446-09-5', '67015-63-8']",263.1,CRC_INORG,Danger
CCOS(=O)(=O)OCC,"SULFURIC ACID, DIETHYL ESTER",6163,"['64-67-5', '64-67-5']",481.15,CRC_ORG,Danger
C=CS(=O)(=O)O,"SULFUROUS ACID, ETHYLENE ESTER",62474,['1184-84-5'],398.15,COMMON_CHEMISTRY,Danger
CCCCCCCCCCCCCCCCCCCCCCCCCCCCCCCCCCCCCCCC,TETRACONTANE,20149,['4181-95-7'],795.15,CRC_ORG,
CCCCCCCCCCCCCCCCCCCCCCCC,TETRACOSANE,12592,['646-31-1'],664.15,CRC_ORG,
CCCCCCCCCCCCCCc1ccccc1,"TETRADECANE, 1-PHENYL",15086,['1459-10-5'],620.15,CRC_ORG,Danger
CCCCCCC(C)C(C)CCCCCC,"TETRADECANE, 7,8-DIMETHYL",530303,['2801-86-7'],543.46482,WEBBOOK,
CCCCCCCCCCCCCC,TETRADECANE,12389,"['629-59-4', '90622-46-1', '01-00-0', '74664-93-0', '629-59-4']",526.65,CRC_ORG,Danger
CCCCCCCCCCCCCC(=O)N(C)C,"TETRADECANOIC ACID, AMIDE, N,N-DIMETHYL",76388,['3015-65-4'],631.99,JOBACK,
COCCOCCOCCOCCOC,"TETRAETHYLENE GLYCOL, DIMETHYL ETHER",8925,"['143-24-8', '143-24-8']",547.15,CRC_ORG,Danger
OCCOCCOCCOCCO,TETRAETHYLENE GLYCOL,8200,"['112-60-7', '127821-00-5', '125481-05-2', '157299-02-0', '9004-76-6', '112-60-7']",588.15,CRC_ORG,Warning
c1ccc2c(c1)CCCC2,TETRALIN,8404,"['119-64-2', '68412-24-8', '119-64-2']",480.35,CRC_ORG,Danger
CCCCCCCCCCCCCCCCCCCCCCCCCCCCCCCCCC,TETRATRIACONTANE,26519,['14167-59-0'],756.15,COMMON_CHEMISTRY,
Cc1csc(N)n1,"THIAZOLE, 2-AMINO, 4-METHYL",74143,['1603-91-4'],504.7,WEBBOOK,Warning
CC(=O)N1CCSC1,"THIAZOLIDINE, 3-ACETYL",83868,[],443.82,JOBACK,
CC1CCS1(=O)=O,"THIETANE, 2-METHYL, 1,1-DIOXIDE",21516003,"['24609-83-4', '52692-01-0']",276.86,JOBACK,
COC(=O)CSCC(=O)OC,"THIODIGLYCOLIC ACID, DIMETHYL ESTER",85233,['16002-29-2'],522.1,JOBACK,
CC(=O)c1cccs1,"THIOPHENE, 2-ACETYL",6920,"['88-15-3', '97511-16-5', '17-09-0']",488.15,CRC_ORG,Danger
Cc1c([N+](=O)[O-])cc([N+](=O)[O-])cc1[N+](=O)[O-],"TOLUENE, 2,4,6-TRINITRO",8376,['118-96-7'],623.15,CRC_ORG,Danger
Cc1ccc([N+](=O)[O-])cc1[N+](=O)[O-],"TOLUENE, 2,4-DINITRO",8461,"['121-14-2', '1326-41-6', '84029-42-5', '121-14-2']",573.15,COMMON_CHEMISTRY,Danger
Cc1ccccc1N,"TOLUENE, 2-AMINO",7242,"['95-53-4', '121536-13-8', '95-53-4', '68408-22-0']",473.15,CRC_ORG,Danger
FC(F)(F)c1ccccc1Cl,"TOLUENE, 2-CHLORO, ALPHA, ALPHA, ALPHA-TRIFLUORO",6921,"['88-16-4', '52181-51-8', '88-16-4']",426.15,CRC_ORG,Warning
Cc1ccccc1O,"TOLUENE, 2-HYDROXY",335,"['95-48-7', '95-48-7']",464.15,CRC_ORG,Danger
O=[N+]([O-])c1cc(C(F)(F)F)cc([N+](=O)[O-])c1F,"TOLUENE, 3,5-DINITRO, ALPHA, ALPHA, ALPHA, 4-TETRAFLUORO",2737127,['393-76-0'],698.91,JOBACK,Danger
O=[N+]([O-])c1cc([N+](=O)[O-])cc(C(F)(F)F)c1,"TOLUENE, 3,5-DINITRO, ALPHA, ALPHA, ALPHA-TRIFLUORO",123060,['401-99-0'],694.66,JOBACK,Warning
Nc1cc(C(F)(F)F)ccc1Cl,"TOLUENE, 3-AMINO, 4-CHLORO, ALPHA, ALPHA, ALPHA-TRIFLUORO",8475,"['121-50-6', '12-00-0']",500.94,JOBACK,Warning
Cc1cccc(O)c1,"TOLUENE, 3-HYDROXY",342,"['108-39-4', '108-39-4']",475.35,CRC_ORG,Danger
O=[N+]([O-])c1cc(C(F)(F)F)ccc1F,"TOLUENE, 3-NITRO, ALPHA, ALPHA, ALPHA, 4-TETRAFLUORO",67778,['367-86-2'],542.09,JOBACK,Danger
O=[N+]([O-])c1cccc(C(F)(F)F)c1,"TOLUENE, 3-NITRO, ALPHA, ALPHA, ALPHA-TRIFLUORO",7386,"['98-46-4', '98-46-4']",475.95,CRC_ORG,Danger
Cc1ccc(N)cc1,"TOLUENE, 4-AMINO",7813,"['106-49-0', '12221-03-3', '26915-12-8', '106-49-0']",474.15,CRC_ORG,Danger
O=[N+]([O-])c1cc(C(F)(F)F)cc([N+](=O)[O-])c1Cl,"TOLUENE, 4-CHLORO, 3,5-DINITRO, ALPHA, ALPHA, ALPHA-TRIFLUORO",9809,"['393-75-9', '393-75-9']",523.15,YAWS,Danger
O=[N+]([O-])c1cc(C(F)(F)F)ccc1Cl,"TOLUENE, 4-CHLORO, 3-NITRO, ALPHA, ALPHA, ALPHA-TRIFLUORO",8462,"['121-17-5', '121-17-5', '05-00-0']",495.15,CRC_ORG,Warning
O=[N+]([O-])c1cc(C(F)(F)F)ccc1O,"TOLUENE, 4-HYDROXY, 3-NITRO, ALPHA, ALPHA, ALPHA-TRIFLUORO",9816,"['400-99-7', '06-00-0']",366.15,COMMON_CHEMISTRY,Warning
Cc1ccc(O)cc1,"TOLUENE, 4-HYDROXY",2879,"['106-44-5', '106-44-5', '1319-77-3', '2876-02-0']",475.05,CRC_ORG,Danger
O=[N+]([O-])c1ccc(C(F)F)cc1,"TOLUENE, ALPHA, ALPHA-DIFLUORO, 4-NITRO",640443,['29848-57-5'],541.36,JOBACK,Warning
NCc1ccccc1,"TOLUENE, ALPHA-AMINO",7504,"['100-46-9', '89551-24-6', '12-00-0', '100-46-9', '001-01-2']",458.15,CRC_ORG,Danger
OCc1c(F)c(F)c(F)c(F)c1F,"TOLUENE, ALPHA-HYDROXY, 2,3,4,5,6-PENTAFLUORO",9923,['440-60-8'],454.2,WEBBOOK,Warning
CC(O)c1c(F)c(F)c(F)c(F)c1F,"TOLUENE, ALPHA-HYDROXY, ALPHA-METHYL, 2,3,4,5,6-PENTAFLUORO",98288,"['830-50-2', '75853-08-6', '7583-08-6']",522.31,JOBACK,Warning
Cc1ccccc1,TOLUENE,1140,"['108-88-3', '108-88-3', '25013-04-1']",383.75,CRC_ORG,Danger
CCCCCCCCCCCCCCCCCCCCCCCCCCCCCC,TRIACONTANE,12535,['638-68-6'],724.15,CRC_ORG,
CCCCCCCCCCCCC,TRIDECANE,12388,"['629-50-5', '629-50-5', '11-13-1']",508.55,CRC_ORG,Danger
CCCCOCCOCCOCCOCCCC,"TRIETHYLENE GLYCOL, DIBUTYL ETHER",2733908,['63512-36-7'],609.6,JOBACK,
OCCOCCOCCO,TRIETHYLENE GLYCOL,8172,"['112-27-6', '119438-10-7', '01-00-0', '103734-98-1', '122784-99-0', '137800-98-7', '145112-98-7', '112-27-6']",561.75,CRC_ORG,
NCCNCCNCCN,TRIETHYLENETETRAMINE,5565,"['112-24-3', '04-00-0', '112-24-3', '105821-86-1']",539.65,CRC_ORG,Danger
CCCCOCCCOCCCOCCCOCCCC,"TRIPROPYLENE GLYCOL, DIBUTYL ETHER",,[''],678.24,JOBACK,
COCCCOCCCOCCCOC,"TRIPROPYLENE GLYCOL, DIMETHYL ETHER",6432627,['66226-75-3'],540.96,JOBACK,
CCCCCCCCCCC,UNDECANE,14257,"['1120-21-4', '01-00-0', '61193-21-3', '1120-21-4', '11-10-8']",469.05,CRC_ORG,Danger
CN(C)C(=O)N(C)C,"UREA, 1,1,3,3-TETRAMETHYL",12437,"['632-22-4', '04-00-0']",450.25,CRC_ORG,Danger
O,WATER,962,['7732-18-5'],373.124,CRC_INORG,
O=C1CSCCO1,"1,4-OXATHIAN-2-ONE",351060,['5512-70-9'],412.85,JOBACK,
C=C(C)CC,"1-BUTENE, 2-METHYL",11240,"['563-46-2', '26760-64-5', '60288-48-4', '26969-60-8']",304.25,CRC_ORG,Danger
O=CC1=CCCCC1,1-CYCLOHEXENE-1-CARBOXALDEHYDE,5184540,"['1192-88-7', '1321-16-0']",436.78,JOBACK,Warning
COC(=O)n1cccc1,"1-PYRROLECARBOXYLIC ACID, METHYL ESTER",77962,['4277-63-8'],442.15,COMMON_CHEMISTRY,Warning
OCCNCCO,"AMINE, DIETHYL-2,2'-DIHYDROXY",8113,"['111-42-2', '61791-44-4', '61791-46-6', '04-00-0', '111-42-2']",544.35,CRC_ORG,Danger
CCNc1ccccc1,"ANILINE, N-ETHYL",7670,"['103-69-5', '103-69-5', '12-00-0']",477.15,CRC_ORG,Danger
CCC1CCCCC1,"CYCLOHEXANE, ETHYL",15504,"['1678-91-7', '1678-91-7']",404.95,CRC_ORG,Danger
CCC1CCCC1c1ccccc1,"CYCLOPENTANE, 1-ETHYL, 2-PHENYL",72309406,[],534.33,JOBACK,
CCOC(C)(C)CC,"ETHER, ETHYL TERT.PENTYL",13527,"['919-94-8', '01-00-0']",374.65,CRC_ORG,Danger
CC1C=CC(=O)O1,"PENTANOIC ACID, 4-HYDROXY, GAMMA-LACTONE",11558,"['591-11-7', '17300-24-2', '17-09-0', '70428-45-4']",482.15,CRC_ORG,
Cc1cc(C)nc(C)c1,"PYRIDINE, 2,4,6-TRIMETHYL",7953,"['108-75-8', '20-06-0']",443.15,CRC_ORG,Danger
Cc1cccc(C)n1,"PYRIDINE, 2,6-DIMETHYL",7937,"['108-48-5', '135742-47-1', '108-48-5']",417.15,CRC_ORG,Warning
COCCOCCOCCOC(C)(C)C,2-[2-[2-(2-methoxyethoxy)ethoxy]ethoxy]-2-methylpropane,20337687,['42769-21-1'],537.73,JOBACK,
CCCCOCCOCCOCCOCCCC(C)(C)C,"1-[2-[2-(2-butoxyethoxy)ethoxy]ethoxy]-4,4-dimethylpentane",71338712,['115702-75-5'],675.01,JOBACK,
CSSC,(methyldisulfanyl)methane,12232,"['624-92-0', '624-92-0']",382.87,CRC_ORG,Danger
CCCCCCCCCCCCCCCCCCCCO,icosan-1-ol,12404,"['629-96-9', '28679-05-2', '10-11-1', '13-14-1', '16-17-1', '19-20-2']",629.15,CRC_ORG,Danger
NCCCCCCCCN,"octane-1,8-diamine",24250,"['373-44-4', '7613-16-3', '04-00-0']",498.75,CRC_ORG,Danger
NCCCCCCCCCCN,"decane-1,10-diamine",1317,"['646-25-3', '04-00-0']",535.15,CRC_ORG,Danger
C1CCC2CCCCC2C1,"1,2,3,4,4a,5,6,7,8,8a-decahydronaphthalene",7044,"['91-17-8', '493-01-6', '493-02-7', '05-00-0', '91-17-8']",463.20194,WEBBOOK,Danger
CCCCC(CC)CCC(C)(CC(CC)CCCC)C(N)=O,5-ethyl-2-(2-ethylhexyl)-2-methylnonanamide,129693376,[],779.49,JOBACK,
O=S1OCCO1,"1,3,2-dioxathiolane 2-oxide",77342,"['3741-38-6', '3741-38-6']",446.15,CRC_ORG,Danger
C=CC1CCCS1(=O)=O,"2-ethenylthiolane 1,1-dioxide",57810821,[],323.57,JOBACK,
CCCCCCCCCCCCCCCC(=O)OCC(O)CO,"2,3-dihydroxypropyl hexadecanoate",14900,"['542-44-9', '19670-51-0', '26657-96-5', '68002-70-0', '001-01-0']",876.46,JOBACK,
CCCCCCCCCCCCCCCC(=O)OCC(O)COC(=O)CCCCCCCCCCCCCCC,(3-hexadecanoyloxy-2-hydroxypropyl) hexadecanoate,68149,['502-52-3'],1208.58,JOBACK,
CCCCCCCCCC(=O)O,decanoic acid,2969,"['334-48-5', '02-00-0', '334-48-5']",543.15,CRC_ORG,Warning
CCCCCCCCCCCC(=O)O,dodecanoic acid,3893,"['143-07-7', '02-00-0', '8000-62-2', '143-07-7', '203714-07-2', '7632-48-6', '10-11-1']",572.15,CRC_ORG,Danger
CCCCCCCCCCCCCC(=O)O,tetradecanoic acid,11005,"['544-63-8', '02-00-0', '32112-52-0', '544-63-8', '62217-70-3']",599.15,CRC_ORG,Danger
CCCCCCCCC=CCCCCCCCC(=O)O,octadec-9-enoic acid,965,['2027-47-6'],761.11,JOBACK,
CCCCCC=CCC=CCCCCCCCC(=O)O,"octadeca-9,12-dienoic acid",3931,"['2197-37-7', '85594-37-2', '8024-22-4']",765.27,JOBACK,Warning
CCC=CCC=CCC=CCCCCCCCC(=O)O,"octadeca-9,12,15-trienoic acid",860,['68424-45-3'],769.43,JOBACK,
C1COCCOCCOCCOCCOCCO1,"1,4,7,10,13,16-hexaoxacyclooctadecane",28557,"['17455-13-9', '19-12-0']",711.32,JOBACK,Warning
O=S1(=O)CC=CC1,"2,5-dihydrothiophene 1,1-dioxide",6498,"['77-79-2', '77-79-2', '17-01-0']",284.96,JOBACK,Danger
NC1CCS(=O)(=O)C1,"1,1-dioxothiolan-3-amine",22807,"['6338-70-1', '18-09-0']",353.66,JOBACK,Danger
C1CCOCC1,oxane,8894,['142-68-7'],361.15,CRC_ORG,Danger
CCCCOCCO,2-butoxyethanol,8133,"['111-76-2', '9004-77-7', '111-76-2']",444.15,CRC_ORG,Danger
CCCOCCO,2-propoxyethanol,17756,"['2807-30-9', '2807-30-9']",425.15,CRC_ORG,Danger
CC(C)OCCO,2-propan-2-yloxyethanol,7996,"['109-59-1', '109-59-1']",414.75,CRC_ORG,Warning
CCCCCCCCCCOC1CCS(=O)(=O)C1,"3-decoxythiolane 1,1-dioxide",86787,"['18760-44-6', '001-01-9']",532.35,JOBACK,
O=S1(=O)CCC(O)C1,"1,1-dioxothiolan-3-ol",98932,"['13031-76-0', '17-03-0']",415.15,COMMON_CHEMISTRY,Warning
FC(Cl)(Cl)C(F)(Cl)Cl,"1,1,2,2-tetrachloro-1,2-difluoroethane",6427,"['76-12-0', '76-12-0']",365.98,CRC_ORG,Warning
CCCCOC(=O)COC(=O)c1ccccc1C(=O)OCCCC,"2-O-(2-butoxy-2-oxoethyl) 1-O-butyl benzene-1,2-dicarboxylate",6819,"['85-70-1', '85-70-1', '11-22-1', '13-24-1', '15-10-8', '23-12-6']",618.15,COMMON_CHEMISTRY,
CCCCCOC(C)=O,pentyl acetate,12348,"['628-63-7', '828-63-7', '628-63-7', '02-00-0']",422.55,CRC_ORG,Warning
CC1=CC2CC(C1)C2(C)C,"3,6,6-trimethylbicyclo[3.1.1]hept-2-ene",107349,['4889-83-2'],445.86,JOBACK,
N#CCCCCCCCCC#N,decanedinitrile,74639,"['1871-96-1', '02-00-0']",472.7,WEBBOOK,Danger
CCCCCCCCCCCCCCCCCCC(F)(F)C(F)(F)C(F)(F)C(F)(F)F,"1,1,1,2,2,3,3,4,4-nonafluorodocosane",98452410,['133310-70-0'],683.47,JOBACK,
CCCCCCCCCCCCCCCCC(F)(F)C(F)(F)C(F)(F)C(F)(F)C(F)(F)C(F)(F)F,"1,1,1,2,2,3,3,4,4,5,5,6,6-tridecafluorodocosane",46738426,['133310-71-1'],674.09,JOBACK,
CCCCCCCCCCCCC(F)(F)C(F)(F)C(F)(F)C(F)(F)C(F)(F)C(F)(F)F,"1,1,1,2,2,3,3,4,4,5,5,6,6-tridecafluorooctadecane",2782210,['90499-30-2'],582.57,JOBACK,
CCCCCCCCCCCCC(F)(F)C(F)(F)C(F)(F)C(F)(F)C(F)(F)C(F)(F)C(F)(F)C(F)(F)F,"1,1,1,2,2,3,3,4,4,5,5,6,6,7,7,8,8-heptadecafluoroicosane",2782209,['106873-67-0'],618.95,JOBACK,Warning
OCCN(CCO)CCN(CCO)CCO,2-[2-[bis(2-hydroxyethyl)amino]ethyl-(2-hydroxyethyl)amino]ethanol,67322,"['140-07-8', '140-07-8']",822,JOBACK,Danger
NCCNCCNCCNCCN,"N'-[2-[2-(2-aminoethylamino)ethylamino]ethyl]ethane-1,2-diamine",8197,"['112-57-2', '26913-06-4', '112-57-2', '04-00-0', '395-01-8', '27233-92-7']",614.65,CRC_ORG,Danger
N#CCCCCCCCCCCCCC#N,tetradecanedinitrile,2723883,"['54857-30-6', '7735-44-6']",724.08,JOBACK,
CCCCN(CCCC)C(=O)c1ccccc1,"N,N-dibutylbenzamide",32774,['25033-65-2'],635.79,JOBACK,Warning
CCOC,methoxyethane,10903,"['540-67-0', '69012-85-7']",279.15,CRC_ORG,Danger
CC(=O)OC(C)C,propan-2-yl acetate,7915,"['108-21-4', '02-00-0', '108-21-4']",361.75,CRC_ORG,Danger
Cc1ccc(C)c(C)c1,"1,2,4-trimethylbenzene",7247,"['95-63-6', '95-63-6']",442.55,CRC_ORG,Danger
CC1CCCS1(=O)=O,2-Methylsulfolane,549931,['1003-46-9'],304.01,JOBACK,
[O-][S+]1CCCC1,Tetramethylene sulfoxide,1128,"['1600-44-8', '17-01-0']",509.15,YAWS,Warning
Cc1ccc(OP(=O)(Oc2ccc(C)cc2)Oc2ccc(C)cc2)cc1,Tricresyl phosphate,6529,"['78-32-0', '1330-78-5']",683,WEBBOOK,Warning
